mode,trial,n,patch_available,oracle_validated,false_validation_rate
any_deranged,0,99,90,20,0.20202020202020202
any_deranged,1,99,90,20,0.20202020202020202
any_deranged,2,99,90,21,0.21212121212121213
any_deranged,3,99,90,17,0.1717171717171717
any_deranged,4,99,90,25,0.25252525252525254
any_deranged,5,99,90,19,0.1919191919191919
any_deranged,6,99,90,24,0.24242424242424243
any_deranged,7,99,90,17,0.1717171717171717
any_deranged,8,99,90,23,0.23232323232323232
any_deranged,9,99,90,24,0.24242424242424243
any_deranged,10,99,90,29,0.29292929292929293
any_deranged,11,99,90,21,0.21212121212121213
any_deranged,12,99,90,21,0.21212121212121213
any_deranged,13,99,90,23,0.23232323232323232
any_deranged,14,99,90,20,0.20202020202020202
any_deranged,15,99,90,22,0.2222222222222222
any_deranged,16,99,90,24,0.24242424242424243
any_deranged,17,99,90,22,0.2222222222222222
any_deranged,18,99,90,20,0.20202020202020202
any_deranged,19,99,90,19,0.1919191919191919
any_deranged,20,99,90,26,0.26262626262626265
any_deranged,21,99,90,18,0.18181818181818182
any_deranged,22,99,90,23,0.23232323232323232
any_deranged,23,99,90,24,0.24242424242424243
any_deranged,24,99,90,23,0.23232323232323232
any_deranged,25,99,90,25,0.25252525252525254
any_deranged,26,99,90,18,0.18181818181818182
any_deranged,27,99,90,15,0.15151515151515152
any_deranged,28,99,90,21,0.21212121212121213
any_deranged,29,99,90,22,0.2222222222222222
any_deranged,30,99,90,26,0.26262626262626265
any_deranged,31,99,90,24,0.24242424242424243
any_deranged,32,99,90,27,0.2727272727272727
any_deranged,33,99,90,23,0.23232323232323232
any_deranged,34,99,90,27,0.2727272727272727
any_deranged,35,99,90,17,0.1717171717171717
any_deranged,36,99,90,21,0.21212121212121213
any_deranged,37,99,90,17,0.1717171717171717
any_deranged,38,99,90,24,0.24242424242424243
any_deranged,39,99,90,19,0.1919191919191919
any_deranged,40,99,90,19,0.1919191919191919
any_deranged,41,99,90,22,0.2222222222222222
any_deranged,42,99,90,21,0.21212121212121213
any_deranged,43,99,90,17,0.1717171717171717
any_deranged,44,99,90,28,0.2828282828282828
any_deranged,45,99,90,21,0.21212121212121213
any_deranged,46,99,90,22,0.2222222222222222
any_deranged,47,99,90,16,0.16161616161616163
any_deranged,48,99,90,20,0.20202020202020202
any_deranged,49,99,90,21,0.21212121212121213
any_deranged,50,99,90,23,0.23232323232323232
any_deranged,51,99,90,23,0.23232323232323232
any_deranged,52,99,90,23,0.23232323232323232
any_deranged,53,99,90,20,0.20202020202020202
any_deranged,54,99,90,24,0.24242424242424243
any_deranged,55,99,90,22,0.2222222222222222
any_deranged,56,99,90,25,0.25252525252525254
any_deranged,57,99,90,22,0.2222222222222222
any_deranged,58,99,90,21,0.21212121212121213
any_deranged,59,99,90,20,0.20202020202020202
any_deranged,60,99,90,13,0.13131313131313133
any_deranged,61,99,90,19,0.1919191919191919
any_deranged,62,99,90,24,0.24242424242424243
any_deranged,63,99,90,24,0.24242424242424243
any_deranged,64,99,90,18,0.18181818181818182
any_deranged,65,99,90,20,0.20202020202020202
any_deranged,66,99,90,19,0.1919191919191919
any_deranged,67,99,90,24,0.24242424242424243
any_deranged,68,99,90,23,0.23232323232323232
any_deranged,69,99,90,20,0.20202020202020202
any_deranged,70,99,90,19,0.1919191919191919
any_deranged,71,99,90,18,0.18181818181818182
any_deranged,72,99,90,22,0.2222222222222222
any_deranged,73,99,90,26,0.26262626262626265
any_deranged,74,99,90,22,0.2222222222222222
any_deranged,75,99,90,14,0.1414141414141414
any_deranged,76,99,90,22,0.2222222222222222
any_deranged,77,99,90,20,0.20202020202020202
any_deranged,78,99,90,23,0.23232323232323232
any_deranged,79,99,90,22,0.2222222222222222
any_deranged,80,99,90,17,0.1717171717171717
any_deranged,81,99,90,20,0.20202020202020202
any_deranged,82,99,90,20,0.20202020202020202
any_deranged,83,99,90,25,0.25252525252525254
any_deranged,84,99,90,19,0.1919191919191919
any_deranged,85,99,90,18,0.18181818181818182
any_deranged,86,99,90,27,0.2727272727272727
any_deranged,87,99,90,19,0.1919191919191919
any_deranged,88,99,90,26,0.26262626262626265
any_deranged,89,99,90,24,0.24242424242424243
any_deranged,90,99,90,24,0.24242424242424243
any_deranged,91,99,90,26,0.26262626262626265
any_deranged,92,99,90,22,0.2222222222222222
any_deranged,93,99,90,26,0.26262626262626265
any_deranged,94,99,90,25,0.25252525252525254
any_deranged,95,99,90,23,0.23232323232323232
any_deranged,96,99,90,16,0.16161616161616163
any_deranged,97,99,90,26,0.26262626262626265
any_deranged,98,99,90,21,0.21212121212121213
any_deranged,99,99,90,19,0.1919191919191919
any_deranged,100,99,90,26,0.26262626262626265
any_deranged,101,99,90,18,0.18181818181818182
any_deranged,102,99,90,17,0.1717171717171717
any_deranged,103,99,90,24,0.24242424242424243
any_deranged,104,99,90,23,0.23232323232323232
any_deranged,105,99,90,17,0.1717171717171717
any_deranged,106,99,90,25,0.25252525252525254
any_deranged,107,99,90,21,0.21212121212121213
any_deranged,108,99,90,22,0.2222222222222222
any_deranged,109,99,90,21,0.21212121212121213
any_deranged,110,99,90,22,0.2222222222222222
any_deranged,111,99,90,13,0.13131313131313133
any_deranged,112,99,90,20,0.20202020202020202
any_deranged,113,99,90,13,0.13131313131313133
any_deranged,114,99,90,25,0.25252525252525254
any_deranged,115,99,90,19,0.1919191919191919
any_deranged,116,99,90,23,0.23232323232323232
any_deranged,117,99,90,18,0.18181818181818182
any_deranged,118,99,90,25,0.25252525252525254
any_deranged,119,99,90,23,0.23232323232323232
any_deranged,120,99,90,22,0.2222222222222222
any_deranged,121,99,90,25,0.25252525252525254
any_deranged,122,99,90,16,0.16161616161616163
any_deranged,123,99,90,25,0.25252525252525254
any_deranged,124,99,90,16,0.16161616161616163
any_deranged,125,99,90,25,0.25252525252525254
any_deranged,126,99,90,21,0.21212121212121213
any_deranged,127,99,90,20,0.20202020202020202
any_deranged,128,99,90,25,0.25252525252525254
any_deranged,129,99,90,22,0.2222222222222222
any_deranged,130,99,90,21,0.21212121212121213
any_deranged,131,99,90,21,0.21212121212121213
any_deranged,132,99,90,19,0.1919191919191919
any_deranged,133,99,90,22,0.2222222222222222
any_deranged,134,99,90,26,0.26262626262626265
any_deranged,135,99,90,24,0.24242424242424243
any_deranged,136,99,90,20,0.20202020202020202
any_deranged,137,99,90,25,0.25252525252525254
any_deranged,138,99,90,24,0.24242424242424243
any_deranged,139,99,90,20,0.20202020202020202
any_deranged,140,99,90,19,0.1919191919191919
any_deranged,141,99,90,17,0.1717171717171717
any_deranged,142,99,90,21,0.21212121212121213
any_deranged,143,99,90,16,0.16161616161616163
any_deranged,144,99,90,16,0.16161616161616163
any_deranged,145,99,90,24,0.24242424242424243
any_deranged,146,99,90,26,0.26262626262626265
any_deranged,147,99,90,20,0.20202020202020202
any_deranged,148,99,90,22,0.2222222222222222
any_deranged,149,99,90,21,0.21212121212121213
any_deranged,150,99,90,22,0.2222222222222222
any_deranged,151,99,90,20,0.20202020202020202
any_deranged,152,99,90,17,0.1717171717171717
any_deranged,153,99,90,18,0.18181818181818182
any_deranged,154,99,90,18,0.18181818181818182
any_deranged,155,99,90,21,0.21212121212121213
any_deranged,156,99,90,18,0.18181818181818182
any_deranged,157,99,90,25,0.25252525252525254
any_deranged,158,99,90,25,0.25252525252525254
any_deranged,159,99,90,19,0.1919191919191919
any_deranged,160,99,90,20,0.20202020202020202
any_deranged,161,99,90,21,0.21212121212121213
any_deranged,162,99,90,23,0.23232323232323232
any_deranged,163,99,90,22,0.2222222222222222
any_deranged,164,99,90,18,0.18181818181818182
any_deranged,165,99,90,21,0.21212121212121213
any_deranged,166,99,90,24,0.24242424242424243
any_deranged,167,99,90,16,0.16161616161616163
any_deranged,168,99,90,19,0.1919191919191919
any_deranged,169,99,90,23,0.23232323232323232
any_deranged,170,99,90,27,0.2727272727272727
any_deranged,171,99,90,21,0.21212121212121213
any_deranged,172,99,90,20,0.20202020202020202
any_deranged,173,99,90,20,0.20202020202020202
any_deranged,174,99,90,26,0.26262626262626265
any_deranged,175,99,90,23,0.23232323232323232
any_deranged,176,99,90,27,0.2727272727272727
any_deranged,177,99,90,30,0.30303030303030304
any_deranged,178,99,90,30,0.30303030303030304
any_deranged,179,99,90,22,0.2222222222222222
any_deranged,180,99,90,16,0.16161616161616163
any_deranged,181,99,90,21,0.21212121212121213
any_deranged,182,99,90,22,0.2222222222222222
any_deranged,183,99,90,20,0.20202020202020202
any_deranged,184,99,90,20,0.20202020202020202
any_deranged,185,99,90,33,0.3333333333333333
any_deranged,186,99,90,20,0.20202020202020202
any_deranged,187,99,90,19,0.1919191919191919
any_deranged,188,99,90,23,0.23232323232323232
any_deranged,189,99,90,19,0.1919191919191919
any_deranged,190,99,90,19,0.1919191919191919
any_deranged,191,99,90,24,0.24242424242424243
any_deranged,192,99,90,18,0.18181818181818182
any_deranged,193,99,90,22,0.2222222222222222
any_deranged,194,99,90,19,0.1919191919191919
any_deranged,195,99,90,27,0.2727272727272727
any_deranged,196,99,90,20,0.20202020202020202
any_deranged,197,99,90,21,0.21212121212121213
any_deranged,198,99,90,22,0.2222222222222222
any_deranged,199,99,90,22,0.2222222222222222
any_deranged,200,99,90,25,0.25252525252525254
any_deranged,201,99,90,17,0.1717171717171717
any_deranged,202,99,90,26,0.26262626262626265
any_deranged,203,99,90,20,0.20202020202020202
any_deranged,204,99,90,27,0.2727272727272727
any_deranged,205,99,90,23,0.23232323232323232
any_deranged,206,99,90,19,0.1919191919191919
any_deranged,207,99,90,22,0.2222222222222222
any_deranged,208,99,90,24,0.24242424242424243
any_deranged,209,99,90,25,0.25252525252525254
any_deranged,210,99,90,24,0.24242424242424243
any_deranged,211,99,90,20,0.20202020202020202
any_deranged,212,99,90,24,0.24242424242424243
any_deranged,213,99,90,25,0.25252525252525254
any_deranged,214,99,90,27,0.2727272727272727
any_deranged,215,99,90,15,0.15151515151515152
any_deranged,216,99,90,27,0.2727272727272727
any_deranged,217,99,90,21,0.21212121212121213
any_deranged,218,99,90,23,0.23232323232323232
any_deranged,219,99,90,24,0.24242424242424243
any_deranged,220,99,90,15,0.15151515151515152
any_deranged,221,99,90,24,0.24242424242424243
any_deranged,222,99,90,20,0.20202020202020202
any_deranged,223,99,90,22,0.2222222222222222
any_deranged,224,99,90,18,0.18181818181818182
any_deranged,225,99,90,17,0.1717171717171717
any_deranged,226,99,90,19,0.1919191919191919
any_deranged,227,99,90,21,0.21212121212121213
any_deranged,228,99,90,20,0.20202020202020202
any_deranged,229,99,90,20,0.20202020202020202
any_deranged,230,99,90,26,0.26262626262626265
any_deranged,231,99,90,15,0.15151515151515152
any_deranged,232,99,90,22,0.2222222222222222
any_deranged,233,99,90,20,0.20202020202020202
any_deranged,234,99,90,23,0.23232323232323232
any_deranged,235,99,90,24,0.24242424242424243
any_deranged,236,99,90,21,0.21212121212121213
any_deranged,237,99,90,22,0.2222222222222222
any_deranged,238,99,90,19,0.1919191919191919
any_deranged,239,99,90,18,0.18181818181818182
any_deranged,240,99,90,23,0.23232323232323232
any_deranged,241,99,90,23,0.23232323232323232
any_deranged,242,99,90,15,0.15151515151515152
any_deranged,243,99,90,21,0.21212121212121213
any_deranged,244,99,90,27,0.2727272727272727
any_deranged,245,99,90,20,0.20202020202020202
any_deranged,246,99,90,19,0.1919191919191919
any_deranged,247,99,90,15,0.15151515151515152
any_deranged,248,99,90,18,0.18181818181818182
any_deranged,249,99,90,22,0.2222222222222222
any_deranged,250,99,90,15,0.15151515151515152
any_deranged,251,99,90,23,0.23232323232323232
any_deranged,252,99,90,20,0.20202020202020202
any_deranged,253,99,90,19,0.1919191919191919
any_deranged,254,99,90,18,0.18181818181818182
any_deranged,255,99,90,20,0.20202020202020202
any_deranged,256,99,90,22,0.2222222222222222
any_deranged,257,99,90,23,0.23232323232323232
any_deranged,258,99,90,21,0.21212121212121213
any_deranged,259,99,90,20,0.20202020202020202
any_deranged,260,99,90,18,0.18181818181818182
any_deranged,261,99,90,18,0.18181818181818182
any_deranged,262,99,90,18,0.18181818181818182
any_deranged,263,99,90,20,0.20202020202020202
any_deranged,264,99,90,20,0.20202020202020202
any_deranged,265,99,90,22,0.2222222222222222
any_deranged,266,99,90,19,0.1919191919191919
any_deranged,267,99,90,23,0.23232323232323232
any_deranged,268,99,90,24,0.24242424242424243
any_deranged,269,99,90,25,0.25252525252525254
any_deranged,270,99,90,22,0.2222222222222222
any_deranged,271,99,90,18,0.18181818181818182
any_deranged,272,99,90,22,0.2222222222222222
any_deranged,273,99,90,26,0.26262626262626265
any_deranged,274,99,90,25,0.25252525252525254
any_deranged,275,99,90,28,0.2828282828282828
any_deranged,276,99,90,27,0.2727272727272727
any_deranged,277,99,90,17,0.1717171717171717
any_deranged,278,99,90,20,0.20202020202020202
any_deranged,279,99,90,21,0.21212121212121213
any_deranged,280,99,90,23,0.23232323232323232
any_deranged,281,99,90,21,0.21212121212121213
any_deranged,282,99,90,19,0.1919191919191919
any_deranged,283,99,90,27,0.2727272727272727
any_deranged,284,99,90,20,0.20202020202020202
any_deranged,285,99,90,29,0.29292929292929293
any_deranged,286,99,90,31,0.31313131313131315
any_deranged,287,99,90,23,0.23232323232323232
any_deranged,288,99,90,20,0.20202020202020202
any_deranged,289,99,90,21,0.21212121212121213
any_deranged,290,99,90,16,0.16161616161616163
any_deranged,291,99,90,28,0.2828282828282828
any_deranged,292,99,90,20,0.20202020202020202
any_deranged,293,99,90,22,0.2222222222222222
any_deranged,294,99,90,17,0.1717171717171717
any_deranged,295,99,90,23,0.23232323232323232
any_deranged,296,99,90,29,0.29292929292929293
any_deranged,297,99,90,23,0.23232323232323232
any_deranged,298,99,90,19,0.1919191919191919
any_deranged,299,99,90,24,0.24242424242424243
any_deranged,300,99,90,21,0.21212121212121213
any_deranged,301,99,90,23,0.23232323232323232
any_deranged,302,99,90,20,0.20202020202020202
any_deranged,303,99,90,21,0.21212121212121213
any_deranged,304,99,90,18,0.18181818181818182
any_deranged,305,99,90,20,0.20202020202020202
any_deranged,306,99,90,15,0.15151515151515152
any_deranged,307,99,90,24,0.24242424242424243
any_deranged,308,99,90,19,0.1919191919191919
any_deranged,309,99,90,21,0.21212121212121213
any_deranged,310,99,90,20,0.20202020202020202
any_deranged,311,99,90,19,0.1919191919191919
any_deranged,312,99,90,21,0.21212121212121213
any_deranged,313,99,90,19,0.1919191919191919
any_deranged,314,99,90,18,0.18181818181818182
any_deranged,315,99,90,22,0.2222222222222222
any_deranged,316,99,90,26,0.26262626262626265
any_deranged,317,99,90,21,0.21212121212121213
any_deranged,318,99,90,23,0.23232323232323232
any_deranged,319,99,90,18,0.18181818181818182
any_deranged,320,99,90,20,0.20202020202020202
any_deranged,321,99,90,19,0.1919191919191919
any_deranged,322,99,90,30,0.30303030303030304
any_deranged,323,99,90,23,0.23232323232323232
any_deranged,324,99,90,16,0.16161616161616163
any_deranged,325,99,90,22,0.2222222222222222
any_deranged,326,99,90,18,0.18181818181818182
any_deranged,327,99,90,15,0.15151515151515152
any_deranged,328,99,90,20,0.20202020202020202
any_deranged,329,99,90,21,0.21212121212121213
any_deranged,330,99,90,20,0.20202020202020202
any_deranged,331,99,90,19,0.1919191919191919
any_deranged,332,99,90,26,0.26262626262626265
any_deranged,333,99,90,20,0.20202020202020202
any_deranged,334,99,90,21,0.21212121212121213
any_deranged,335,99,90,23,0.23232323232323232
any_deranged,336,99,90,24,0.24242424242424243
any_deranged,337,99,90,17,0.1717171717171717
any_deranged,338,99,90,14,0.1414141414141414
any_deranged,339,99,90,15,0.15151515151515152
any_deranged,340,99,90,23,0.23232323232323232
any_deranged,341,99,90,24,0.24242424242424243
any_deranged,342,99,90,24,0.24242424242424243
any_deranged,343,99,90,17,0.1717171717171717
any_deranged,344,99,90,24,0.24242424242424243
any_deranged,345,99,90,21,0.21212121212121213
any_deranged,346,99,90,19,0.1919191919191919
any_deranged,347,99,90,20,0.20202020202020202
any_deranged,348,99,90,22,0.2222222222222222
any_deranged,349,99,90,22,0.2222222222222222
any_deranged,350,99,90,17,0.1717171717171717
any_deranged,351,99,90,20,0.20202020202020202
any_deranged,352,99,90,16,0.16161616161616163
any_deranged,353,99,90,17,0.1717171717171717
any_deranged,354,99,90,26,0.26262626262626265
any_deranged,355,99,90,28,0.2828282828282828
any_deranged,356,99,90,22,0.2222222222222222
any_deranged,357,99,90,20,0.20202020202020202
any_deranged,358,99,90,23,0.23232323232323232
any_deranged,359,99,90,20,0.20202020202020202
any_deranged,360,99,90,18,0.18181818181818182
any_deranged,361,99,90,27,0.2727272727272727
any_deranged,362,99,90,26,0.26262626262626265
any_deranged,363,99,90,17,0.1717171717171717
any_deranged,364,99,90,14,0.1414141414141414
any_deranged,365,99,90,24,0.24242424242424243
any_deranged,366,99,90,16,0.16161616161616163
any_deranged,367,99,90,28,0.2828282828282828
any_deranged,368,99,90,23,0.23232323232323232
any_deranged,369,99,90,18,0.18181818181818182
any_deranged,370,99,90,25,0.25252525252525254
any_deranged,371,99,90,24,0.24242424242424243
any_deranged,372,99,90,23,0.23232323232323232
any_deranged,373,99,90,23,0.23232323232323232
any_deranged,374,99,90,22,0.2222222222222222
any_deranged,375,99,90,22,0.2222222222222222
any_deranged,376,99,90,27,0.2727272727272727
any_deranged,377,99,90,20,0.20202020202020202
any_deranged,378,99,90,22,0.2222222222222222
any_deranged,379,99,90,27,0.2727272727272727
any_deranged,380,99,90,16,0.16161616161616163
any_deranged,381,99,90,18,0.18181818181818182
any_deranged,382,99,90,25,0.25252525252525254
any_deranged,383,99,90,22,0.2222222222222222
any_deranged,384,99,90,20,0.20202020202020202
any_deranged,385,99,90,22,0.2222222222222222
any_deranged,386,99,90,18,0.18181818181818182
any_deranged,387,99,90,25,0.25252525252525254
any_deranged,388,99,90,22,0.2222222222222222
any_deranged,389,99,90,28,0.2828282828282828
any_deranged,390,99,90,27,0.2727272727272727
any_deranged,391,99,90,19,0.1919191919191919
any_deranged,392,99,90,20,0.20202020202020202
any_deranged,393,99,90,17,0.1717171717171717
any_deranged,394,99,90,20,0.20202020202020202
any_deranged,395,99,90,26,0.26262626262626265
any_deranged,396,99,90,23,0.23232323232323232
any_deranged,397,99,90,22,0.2222222222222222
any_deranged,398,99,90,25,0.25252525252525254
any_deranged,399,99,90,18,0.18181818181818182
any_deranged,400,99,90,23,0.23232323232323232
any_deranged,401,99,90,17,0.1717171717171717
any_deranged,402,99,90,25,0.25252525252525254
any_deranged,403,99,90,23,0.23232323232323232
any_deranged,404,99,90,20,0.20202020202020202
any_deranged,405,99,90,27,0.2727272727272727
any_deranged,406,99,90,26,0.26262626262626265
any_deranged,407,99,90,25,0.25252525252525254
any_deranged,408,99,90,17,0.1717171717171717
any_deranged,409,99,90,21,0.21212121212121213
any_deranged,410,99,90,24,0.24242424242424243
any_deranged,411,99,90,20,0.20202020202020202
any_deranged,412,99,90,16,0.16161616161616163
any_deranged,413,99,90,24,0.24242424242424243
any_deranged,414,99,90,24,0.24242424242424243
any_deranged,415,99,90,26,0.26262626262626265
any_deranged,416,99,90,22,0.2222222222222222
any_deranged,417,99,90,29,0.29292929292929293
any_deranged,418,99,90,13,0.13131313131313133
any_deranged,419,99,90,26,0.26262626262626265
any_deranged,420,99,90,23,0.23232323232323232
any_deranged,421,99,90,24,0.24242424242424243
any_deranged,422,99,90,18,0.18181818181818182
any_deranged,423,99,90,24,0.24242424242424243
any_deranged,424,99,90,20,0.20202020202020202
any_deranged,425,99,90,24,0.24242424242424243
any_deranged,426,99,90,25,0.25252525252525254
any_deranged,427,99,90,21,0.21212121212121213
any_deranged,428,99,90,18,0.18181818181818182
any_deranged,429,99,90,12,0.12121212121212122
any_deranged,430,99,90,26,0.26262626262626265
any_deranged,431,99,90,21,0.21212121212121213
any_deranged,432,99,90,21,0.21212121212121213
any_deranged,433,99,90,20,0.20202020202020202
any_deranged,434,99,90,24,0.24242424242424243
any_deranged,435,99,90,27,0.2727272727272727
any_deranged,436,99,90,24,0.24242424242424243
any_deranged,437,99,90,20,0.20202020202020202
any_deranged,438,99,90,24,0.24242424242424243
any_deranged,439,99,90,27,0.2727272727272727
any_deranged,440,99,90,23,0.23232323232323232
any_deranged,441,99,90,20,0.20202020202020202
any_deranged,442,99,90,21,0.21212121212121213
any_deranged,443,99,90,26,0.26262626262626265
any_deranged,444,99,90,19,0.1919191919191919
any_deranged,445,99,90,23,0.23232323232323232
any_deranged,446,99,90,18,0.18181818181818182
any_deranged,447,99,90,22,0.2222222222222222
any_deranged,448,99,90,21,0.21212121212121213
any_deranged,449,99,90,21,0.21212121212121213
any_deranged,450,99,90,20,0.20202020202020202
any_deranged,451,99,90,16,0.16161616161616163
any_deranged,452,99,90,19,0.1919191919191919
any_deranged,453,99,90,26,0.26262626262626265
any_deranged,454,99,90,26,0.26262626262626265
any_deranged,455,99,90,24,0.24242424242424243
any_deranged,456,99,90,18,0.18181818181818182
any_deranged,457,99,90,22,0.2222222222222222
any_deranged,458,99,90,25,0.25252525252525254
any_deranged,459,99,90,23,0.23232323232323232
any_deranged,460,99,90,19,0.1919191919191919
any_deranged,461,99,90,14,0.1414141414141414
any_deranged,462,99,90,22,0.2222222222222222
any_deranged,463,99,90,24,0.24242424242424243
any_deranged,464,99,90,25,0.25252525252525254
any_deranged,465,99,90,18,0.18181818181818182
any_deranged,466,99,90,25,0.25252525252525254
any_deranged,467,99,90,31,0.31313131313131315
any_deranged,468,99,90,18,0.18181818181818182
any_deranged,469,99,90,16,0.16161616161616163
any_deranged,470,99,90,21,0.21212121212121213
any_deranged,471,99,90,17,0.1717171717171717
any_deranged,472,99,90,21,0.21212121212121213
any_deranged,473,99,90,27,0.2727272727272727
any_deranged,474,99,90,26,0.26262626262626265
any_deranged,475,99,90,17,0.1717171717171717
any_deranged,476,99,90,20,0.20202020202020202
any_deranged,477,99,90,25,0.25252525252525254
any_deranged,478,99,90,31,0.31313131313131315
any_deranged,479,99,90,16,0.16161616161616163
any_deranged,480,99,90,28,0.2828282828282828
any_deranged,481,99,90,27,0.2727272727272727
any_deranged,482,99,90,22,0.2222222222222222
any_deranged,483,99,90,18,0.18181818181818182
any_deranged,484,99,90,21,0.21212121212121213
any_deranged,485,99,90,22,0.2222222222222222
any_deranged,486,99,90,24,0.24242424242424243
any_deranged,487,99,90,22,0.2222222222222222
any_deranged,488,99,90,16,0.16161616161616163
any_deranged,489,99,90,28,0.2828282828282828
any_deranged,490,99,90,23,0.23232323232323232
any_deranged,491,99,90,17,0.1717171717171717
any_deranged,492,99,90,25,0.25252525252525254
any_deranged,493,99,90,18,0.18181818181818182
any_deranged,494,99,90,26,0.26262626262626265
any_deranged,495,99,90,19,0.1919191919191919
any_deranged,496,99,90,28,0.2828282828282828
any_deranged,497,99,90,20,0.20202020202020202
any_deranged,498,99,90,20,0.20202020202020202
any_deranged,499,99,90,27,0.2727272727272727
any_deranged,500,99,90,21,0.21212121212121213
any_deranged,501,99,90,23,0.23232323232323232
any_deranged,502,99,90,19,0.1919191919191919
any_deranged,503,99,90,23,0.23232323232323232
any_deranged,504,99,90,21,0.21212121212121213
any_deranged,505,99,90,24,0.24242424242424243
any_deranged,506,99,90,20,0.20202020202020202
any_deranged,507,99,90,20,0.20202020202020202
any_deranged,508,99,90,17,0.1717171717171717
any_deranged,509,99,90,25,0.25252525252525254
any_deranged,510,99,90,17,0.1717171717171717
any_deranged,511,99,90,17,0.1717171717171717
any_deranged,512,99,90,25,0.25252525252525254
any_deranged,513,99,90,25,0.25252525252525254
any_deranged,514,99,90,20,0.20202020202020202
any_deranged,515,99,90,22,0.2222222222222222
any_deranged,516,99,90,19,0.1919191919191919
any_deranged,517,99,90,26,0.26262626262626265
any_deranged,518,99,90,22,0.2222222222222222
any_deranged,519,99,90,21,0.21212121212121213
any_deranged,520,99,90,22,0.2222222222222222
any_deranged,521,99,90,23,0.23232323232323232
any_deranged,522,99,90,22,0.2222222222222222
any_deranged,523,99,90,24,0.24242424242424243
any_deranged,524,99,90,18,0.18181818181818182
any_deranged,525,99,90,23,0.23232323232323232
any_deranged,526,99,90,24,0.24242424242424243
any_deranged,527,99,90,17,0.1717171717171717
any_deranged,528,99,90,21,0.21212121212121213
any_deranged,529,99,90,14,0.1414141414141414
any_deranged,530,99,90,24,0.24242424242424243
any_deranged,531,99,90,18,0.18181818181818182
any_deranged,532,99,90,20,0.20202020202020202
any_deranged,533,99,90,20,0.20202020202020202
any_deranged,534,99,90,15,0.15151515151515152
any_deranged,535,99,90,20,0.20202020202020202
any_deranged,536,99,90,17,0.1717171717171717
any_deranged,537,99,90,22,0.2222222222222222
any_deranged,538,99,90,20,0.20202020202020202
any_deranged,539,99,90,21,0.21212121212121213
any_deranged,540,99,90,16,0.16161616161616163
any_deranged,541,99,90,19,0.1919191919191919
any_deranged,542,99,90,16,0.16161616161616163
any_deranged,543,99,90,26,0.26262626262626265
any_deranged,544,99,90,25,0.25252525252525254
any_deranged,545,99,90,24,0.24242424242424243
any_deranged,546,99,90,18,0.18181818181818182
any_deranged,547,99,90,24,0.24242424242424243
any_deranged,548,99,90,21,0.21212121212121213
any_deranged,549,99,90,24,0.24242424242424243
any_deranged,550,99,90,19,0.1919191919191919
any_deranged,551,99,90,28,0.2828282828282828
any_deranged,552,99,90,28,0.2828282828282828
any_deranged,553,99,90,20,0.20202020202020202
any_deranged,554,99,90,16,0.16161616161616163
any_deranged,555,99,90,22,0.2222222222222222
any_deranged,556,99,90,19,0.1919191919191919
any_deranged,557,99,90,21,0.21212121212121213
any_deranged,558,99,90,23,0.23232323232323232
any_deranged,559,99,90,24,0.24242424242424243
any_deranged,560,99,90,23,0.23232323232323232
any_deranged,561,99,90,20,0.20202020202020202
any_deranged,562,99,90,23,0.23232323232323232
any_deranged,563,99,90,17,0.1717171717171717
any_deranged,564,99,90,27,0.2727272727272727
any_deranged,565,99,90,22,0.2222222222222222
any_deranged,566,99,90,28,0.2828282828282828
any_deranged,567,99,90,25,0.25252525252525254
any_deranged,568,99,90,21,0.21212121212121213
any_deranged,569,99,90,19,0.1919191919191919
any_deranged,570,99,90,25,0.25252525252525254
any_deranged,571,99,90,20,0.20202020202020202
any_deranged,572,99,90,23,0.23232323232323232
any_deranged,573,99,90,24,0.24242424242424243
any_deranged,574,99,90,27,0.2727272727272727
any_deranged,575,99,90,17,0.1717171717171717
any_deranged,576,99,90,28,0.2828282828282828
any_deranged,577,99,90,23,0.23232323232323232
any_deranged,578,99,90,17,0.1717171717171717
any_deranged,579,99,90,16,0.16161616161616163
any_deranged,580,99,90,30,0.30303030303030304
any_deranged,581,99,90,17,0.1717171717171717
any_deranged,582,99,90,21,0.21212121212121213
any_deranged,583,99,90,26,0.26262626262626265
any_deranged,584,99,90,20,0.20202020202020202
any_deranged,585,99,90,28,0.2828282828282828
any_deranged,586,99,90,15,0.15151515151515152
any_deranged,587,99,90,20,0.20202020202020202
any_deranged,588,99,90,19,0.1919191919191919
any_deranged,589,99,90,23,0.23232323232323232
any_deranged,590,99,90,26,0.26262626262626265
any_deranged,591,99,90,23,0.23232323232323232
any_deranged,592,99,90,20,0.20202020202020202
any_deranged,593,99,90,25,0.25252525252525254
any_deranged,594,99,90,26,0.26262626262626265
any_deranged,595,99,90,18,0.18181818181818182
any_deranged,596,99,90,23,0.23232323232323232
any_deranged,597,99,90,23,0.23232323232323232
any_deranged,598,99,90,21,0.21212121212121213
any_deranged,599,99,90,26,0.26262626262626265
any_deranged,600,99,90,26,0.26262626262626265
any_deranged,601,99,90,28,0.2828282828282828
any_deranged,602,99,90,24,0.24242424242424243
any_deranged,603,99,90,18,0.18181818181818182
any_deranged,604,99,90,17,0.1717171717171717
any_deranged,605,99,90,25,0.25252525252525254
any_deranged,606,99,90,26,0.26262626262626265
any_deranged,607,99,90,25,0.25252525252525254
any_deranged,608,99,90,20,0.20202020202020202
any_deranged,609,99,90,25,0.25252525252525254
any_deranged,610,99,90,22,0.2222222222222222
any_deranged,611,99,90,22,0.2222222222222222
any_deranged,612,99,90,19,0.1919191919191919
any_deranged,613,99,90,22,0.2222222222222222
any_deranged,614,99,90,25,0.25252525252525254
any_deranged,615,99,90,17,0.1717171717171717
any_deranged,616,99,90,21,0.21212121212121213
any_deranged,617,99,90,19,0.1919191919191919
any_deranged,618,99,90,19,0.1919191919191919
any_deranged,619,99,90,16,0.16161616161616163
any_deranged,620,99,90,20,0.20202020202020202
any_deranged,621,99,90,18,0.18181818181818182
any_deranged,622,99,90,22,0.2222222222222222
any_deranged,623,99,90,18,0.18181818181818182
any_deranged,624,99,90,23,0.23232323232323232
any_deranged,625,99,90,26,0.26262626262626265
any_deranged,626,99,90,21,0.21212121212121213
any_deranged,627,99,90,27,0.2727272727272727
any_deranged,628,99,90,20,0.20202020202020202
any_deranged,629,99,90,18,0.18181818181818182
any_deranged,630,99,90,20,0.20202020202020202
any_deranged,631,99,90,23,0.23232323232323232
any_deranged,632,99,90,20,0.20202020202020202
any_deranged,633,99,90,20,0.20202020202020202
any_deranged,634,99,90,26,0.26262626262626265
any_deranged,635,99,90,25,0.25252525252525254
any_deranged,636,99,90,23,0.23232323232323232
any_deranged,637,99,90,18,0.18181818181818182
any_deranged,638,99,90,21,0.21212121212121213
any_deranged,639,99,90,22,0.2222222222222222
any_deranged,640,99,90,20,0.20202020202020202
any_deranged,641,99,90,24,0.24242424242424243
any_deranged,642,99,90,18,0.18181818181818182
any_deranged,643,99,90,15,0.15151515151515152
any_deranged,644,99,90,18,0.18181818181818182
any_deranged,645,99,90,22,0.2222222222222222
any_deranged,646,99,90,26,0.26262626262626265
any_deranged,647,99,90,16,0.16161616161616163
any_deranged,648,99,90,21,0.21212121212121213
any_deranged,649,99,90,24,0.24242424242424243
any_deranged,650,99,90,19,0.1919191919191919
any_deranged,651,99,90,20,0.20202020202020202
any_deranged,652,99,90,21,0.21212121212121213
any_deranged,653,99,90,24,0.24242424242424243
any_deranged,654,99,90,21,0.21212121212121213
any_deranged,655,99,90,18,0.18181818181818182
any_deranged,656,99,90,26,0.26262626262626265
any_deranged,657,99,90,20,0.20202020202020202
any_deranged,658,99,90,20,0.20202020202020202
any_deranged,659,99,90,22,0.2222222222222222
any_deranged,660,99,90,23,0.23232323232323232
any_deranged,661,99,90,26,0.26262626262626265
any_deranged,662,99,90,23,0.23232323232323232
any_deranged,663,99,90,20,0.20202020202020202
any_deranged,664,99,90,26,0.26262626262626265
any_deranged,665,99,90,17,0.1717171717171717
any_deranged,666,99,90,22,0.2222222222222222
any_deranged,667,99,90,20,0.20202020202020202
any_deranged,668,99,90,22,0.2222222222222222
any_deranged,669,99,90,24,0.24242424242424243
any_deranged,670,99,90,20,0.20202020202020202
any_deranged,671,99,90,19,0.1919191919191919
any_deranged,672,99,90,23,0.23232323232323232
any_deranged,673,99,90,20,0.20202020202020202
any_deranged,674,99,90,26,0.26262626262626265
any_deranged,675,99,90,21,0.21212121212121213
any_deranged,676,99,90,20,0.20202020202020202
any_deranged,677,99,90,20,0.20202020202020202
any_deranged,678,99,90,22,0.2222222222222222
any_deranged,679,99,90,22,0.2222222222222222
any_deranged,680,99,90,24,0.24242424242424243
any_deranged,681,99,90,18,0.18181818181818182
any_deranged,682,99,90,15,0.15151515151515152
any_deranged,683,99,90,17,0.1717171717171717
any_deranged,684,99,90,20,0.20202020202020202
any_deranged,685,99,90,23,0.23232323232323232
any_deranged,686,99,90,26,0.26262626262626265
any_deranged,687,99,90,15,0.15151515151515152
any_deranged,688,99,90,24,0.24242424242424243
any_deranged,689,99,90,26,0.26262626262626265
any_deranged,690,99,90,21,0.21212121212121213
any_deranged,691,99,90,20,0.20202020202020202
any_deranged,692,99,90,13,0.13131313131313133
any_deranged,693,99,90,20,0.20202020202020202
any_deranged,694,99,90,18,0.18181818181818182
any_deranged,695,99,90,20,0.20202020202020202
any_deranged,696,99,90,18,0.18181818181818182
any_deranged,697,99,90,17,0.1717171717171717
any_deranged,698,99,90,20,0.20202020202020202
any_deranged,699,99,90,19,0.1919191919191919
any_deranged,700,99,90,16,0.16161616161616163
any_deranged,701,99,90,23,0.23232323232323232
any_deranged,702,99,90,23,0.23232323232323232
any_deranged,703,99,90,18,0.18181818181818182
any_deranged,704,99,90,21,0.21212121212121213
any_deranged,705,99,90,22,0.2222222222222222
any_deranged,706,99,90,18,0.18181818181818182
any_deranged,707,99,90,22,0.2222222222222222
any_deranged,708,99,90,17,0.1717171717171717
any_deranged,709,99,90,20,0.20202020202020202
any_deranged,710,99,90,23,0.23232323232323232
any_deranged,711,99,90,19,0.1919191919191919
any_deranged,712,99,90,21,0.21212121212121213
any_deranged,713,99,90,22,0.2222222222222222
any_deranged,714,99,90,22,0.2222222222222222
any_deranged,715,99,90,18,0.18181818181818182
any_deranged,716,99,90,17,0.1717171717171717
any_deranged,717,99,90,28,0.2828282828282828
any_deranged,718,99,90,22,0.2222222222222222
any_deranged,719,99,90,29,0.29292929292929293
any_deranged,720,99,90,20,0.20202020202020202
any_deranged,721,99,90,18,0.18181818181818182
any_deranged,722,99,90,15,0.15151515151515152
any_deranged,723,99,90,22,0.2222222222222222
any_deranged,724,99,90,19,0.1919191919191919
any_deranged,725,99,90,19,0.1919191919191919
any_deranged,726,99,90,14,0.1414141414141414
any_deranged,727,99,90,18,0.18181818181818182
any_deranged,728,99,90,27,0.2727272727272727
any_deranged,729,99,90,21,0.21212121212121213
any_deranged,730,99,90,28,0.2828282828282828
any_deranged,731,99,90,25,0.25252525252525254
any_deranged,732,99,90,16,0.16161616161616163
any_deranged,733,99,90,22,0.2222222222222222
any_deranged,734,99,90,24,0.24242424242424243
any_deranged,735,99,90,31,0.31313131313131315
any_deranged,736,99,90,15,0.15151515151515152
any_deranged,737,99,90,28,0.2828282828282828
any_deranged,738,99,90,20,0.20202020202020202
any_deranged,739,99,90,19,0.1919191919191919
any_deranged,740,99,90,23,0.23232323232323232
any_deranged,741,99,90,22,0.2222222222222222
any_deranged,742,99,90,27,0.2727272727272727
any_deranged,743,99,90,20,0.20202020202020202
any_deranged,744,99,90,18,0.18181818181818182
any_deranged,745,99,90,19,0.1919191919191919
any_deranged,746,99,90,19,0.1919191919191919
any_deranged,747,99,90,16,0.16161616161616163
any_deranged,748,99,90,18,0.18181818181818182
any_deranged,749,99,90,19,0.1919191919191919
any_deranged,750,99,90,23,0.23232323232323232
any_deranged,751,99,90,19,0.1919191919191919
any_deranged,752,99,90,20,0.20202020202020202
any_deranged,753,99,90,23,0.23232323232323232
any_deranged,754,99,90,24,0.24242424242424243
any_deranged,755,99,90,25,0.25252525252525254
any_deranged,756,99,90,19,0.1919191919191919
any_deranged,757,99,90,21,0.21212121212121213
any_deranged,758,99,90,23,0.23232323232323232
any_deranged,759,99,90,24,0.24242424242424243
any_deranged,760,99,90,17,0.1717171717171717
any_deranged,761,99,90,22,0.2222222222222222
any_deranged,762,99,90,23,0.23232323232323232
any_deranged,763,99,90,26,0.26262626262626265
any_deranged,764,99,90,17,0.1717171717171717
any_deranged,765,99,90,25,0.25252525252525254
any_deranged,766,99,90,24,0.24242424242424243
any_deranged,767,99,90,28,0.2828282828282828
any_deranged,768,99,90,20,0.20202020202020202
any_deranged,769,99,90,20,0.20202020202020202
any_deranged,770,99,90,20,0.20202020202020202
any_deranged,771,99,90,18,0.18181818181818182
any_deranged,772,99,90,20,0.20202020202020202
any_deranged,773,99,90,26,0.26262626262626265
any_deranged,774,99,90,22,0.2222222222222222
any_deranged,775,99,90,22,0.2222222222222222
any_deranged,776,99,90,23,0.23232323232323232
any_deranged,777,99,90,13,0.13131313131313133
any_deranged,778,99,90,24,0.24242424242424243
any_deranged,779,99,90,21,0.21212121212121213
any_deranged,780,99,90,24,0.24242424242424243
any_deranged,781,99,90,18,0.18181818181818182
any_deranged,782,99,90,23,0.23232323232323232
any_deranged,783,99,90,19,0.1919191919191919
any_deranged,784,99,90,22,0.2222222222222222
any_deranged,785,99,90,21,0.21212121212121213
any_deranged,786,99,90,19,0.1919191919191919
any_deranged,787,99,90,22,0.2222222222222222
any_deranged,788,99,90,19,0.1919191919191919
any_deranged,789,99,90,27,0.2727272727272727
any_deranged,790,99,90,20,0.20202020202020202
any_deranged,791,99,90,14,0.1414141414141414
any_deranged,792,99,90,26,0.26262626262626265
any_deranged,793,99,90,23,0.23232323232323232
any_deranged,794,99,90,19,0.1919191919191919
any_deranged,795,99,90,22,0.2222222222222222
any_deranged,796,99,90,17,0.1717171717171717
any_deranged,797,99,90,21,0.21212121212121213
any_deranged,798,99,90,21,0.21212121212121213
any_deranged,799,99,90,25,0.25252525252525254
any_deranged,800,99,90,25,0.25252525252525254
any_deranged,801,99,90,21,0.21212121212121213
any_deranged,802,99,90,20,0.20202020202020202
any_deranged,803,99,90,18,0.18181818181818182
any_deranged,804,99,90,16,0.16161616161616163
any_deranged,805,99,90,23,0.23232323232323232
any_deranged,806,99,90,19,0.1919191919191919
any_deranged,807,99,90,22,0.2222222222222222
any_deranged,808,99,90,18,0.18181818181818182
any_deranged,809,99,90,17,0.1717171717171717
any_deranged,810,99,90,16,0.16161616161616163
any_deranged,811,99,90,21,0.21212121212121213
any_deranged,812,99,90,21,0.21212121212121213
any_deranged,813,99,90,25,0.25252525252525254
any_deranged,814,99,90,21,0.21212121212121213
any_deranged,815,99,90,27,0.2727272727272727
any_deranged,816,99,90,19,0.1919191919191919
any_deranged,817,99,90,22,0.2222222222222222
any_deranged,818,99,90,26,0.26262626262626265
any_deranged,819,99,90,24,0.24242424242424243
any_deranged,820,99,90,20,0.20202020202020202
any_deranged,821,99,90,22,0.2222222222222222
any_deranged,822,99,90,23,0.23232323232323232
any_deranged,823,99,90,22,0.2222222222222222
any_deranged,824,99,90,21,0.21212121212121213
any_deranged,825,99,90,24,0.24242424242424243
any_deranged,826,99,90,25,0.25252525252525254
any_deranged,827,99,90,19,0.1919191919191919
any_deranged,828,99,90,24,0.24242424242424243
any_deranged,829,99,90,30,0.30303030303030304
any_deranged,830,99,90,18,0.18181818181818182
any_deranged,831,99,90,16,0.16161616161616163
any_deranged,832,99,90,20,0.20202020202020202
any_deranged,833,99,90,19,0.1919191919191919
any_deranged,834,99,90,25,0.25252525252525254
any_deranged,835,99,90,19,0.1919191919191919
any_deranged,836,99,90,20,0.20202020202020202
any_deranged,837,99,90,24,0.24242424242424243
any_deranged,838,99,90,23,0.23232323232323232
any_deranged,839,99,90,26,0.26262626262626265
any_deranged,840,99,90,18,0.18181818181818182
any_deranged,841,99,90,23,0.23232323232323232
any_deranged,842,99,90,19,0.1919191919191919
any_deranged,843,99,90,19,0.1919191919191919
any_deranged,844,99,90,21,0.21212121212121213
any_deranged,845,99,90,24,0.24242424242424243
any_deranged,846,99,90,21,0.21212121212121213
any_deranged,847,99,90,20,0.20202020202020202
any_deranged,848,99,90,25,0.25252525252525254
any_deranged,849,99,90,24,0.24242424242424243
any_deranged,850,99,90,25,0.25252525252525254
any_deranged,851,99,90,26,0.26262626262626265
any_deranged,852,99,90,23,0.23232323232323232
any_deranged,853,99,90,23,0.23232323232323232
any_deranged,854,99,90,16,0.16161616161616163
any_deranged,855,99,90,23,0.23232323232323232
any_deranged,856,99,90,22,0.2222222222222222
any_deranged,857,99,90,22,0.2222222222222222
any_deranged,858,99,90,21,0.21212121212121213
any_deranged,859,99,90,17,0.1717171717171717
any_deranged,860,99,90,26,0.26262626262626265
any_deranged,861,99,90,24,0.24242424242424243
any_deranged,862,99,90,30,0.30303030303030304
any_deranged,863,99,90,16,0.16161616161616163
any_deranged,864,99,90,24,0.24242424242424243
any_deranged,865,99,90,19,0.1919191919191919
any_deranged,866,99,90,18,0.18181818181818182
any_deranged,867,99,90,16,0.16161616161616163
any_deranged,868,99,90,18,0.18181818181818182
any_deranged,869,99,90,21,0.21212121212121213
any_deranged,870,99,90,21,0.21212121212121213
any_deranged,871,99,90,26,0.26262626262626265
any_deranged,872,99,90,18,0.18181818181818182
any_deranged,873,99,90,20,0.20202020202020202
any_deranged,874,99,90,19,0.1919191919191919
any_deranged,875,99,90,22,0.2222222222222222
any_deranged,876,99,90,18,0.18181818181818182
any_deranged,877,99,90,25,0.25252525252525254
any_deranged,878,99,90,14,0.1414141414141414
any_deranged,879,99,90,25,0.25252525252525254
any_deranged,880,99,90,19,0.1919191919191919
any_deranged,881,99,90,20,0.20202020202020202
any_deranged,882,99,90,24,0.24242424242424243
any_deranged,883,99,90,25,0.25252525252525254
any_deranged,884,99,90,22,0.2222222222222222
any_deranged,885,99,90,21,0.21212121212121213
any_deranged,886,99,90,20,0.20202020202020202
any_deranged,887,99,90,25,0.25252525252525254
any_deranged,888,99,90,17,0.1717171717171717
any_deranged,889,99,90,19,0.1919191919191919
any_deranged,890,99,90,19,0.1919191919191919
any_deranged,891,99,90,23,0.23232323232323232
any_deranged,892,99,90,24,0.24242424242424243
any_deranged,893,99,90,24,0.24242424242424243
any_deranged,894,99,90,20,0.20202020202020202
any_deranged,895,99,90,24,0.24242424242424243
any_deranged,896,99,90,22,0.2222222222222222
any_deranged,897,99,90,29,0.29292929292929293
any_deranged,898,99,90,19,0.1919191919191919
any_deranged,899,99,90,24,0.24242424242424243
any_deranged,900,99,90,29,0.29292929292929293
any_deranged,901,99,90,22,0.2222222222222222
any_deranged,902,99,90,21,0.21212121212121213
any_deranged,903,99,90,16,0.16161616161616163
any_deranged,904,99,90,17,0.1717171717171717
any_deranged,905,99,90,26,0.26262626262626265
any_deranged,906,99,90,23,0.23232323232323232
any_deranged,907,99,90,20,0.20202020202020202
any_deranged,908,99,90,23,0.23232323232323232
any_deranged,909,99,90,17,0.1717171717171717
any_deranged,910,99,90,24,0.24242424242424243
any_deranged,911,99,90,27,0.2727272727272727
any_deranged,912,99,90,19,0.1919191919191919
any_deranged,913,99,90,21,0.21212121212121213
any_deranged,914,99,90,20,0.20202020202020202
any_deranged,915,99,90,16,0.16161616161616163
any_deranged,916,99,90,26,0.26262626262626265
any_deranged,917,99,90,23,0.23232323232323232
any_deranged,918,99,90,20,0.20202020202020202
any_deranged,919,99,90,20,0.20202020202020202
any_deranged,920,99,90,24,0.24242424242424243
any_deranged,921,99,90,21,0.21212121212121213
any_deranged,922,99,90,20,0.20202020202020202
any_deranged,923,99,90,20,0.20202020202020202
any_deranged,924,99,90,22,0.2222222222222222
any_deranged,925,99,90,27,0.2727272727272727
any_deranged,926,99,90,15,0.15151515151515152
any_deranged,927,99,90,27,0.2727272727272727
any_deranged,928,99,90,19,0.1919191919191919
any_deranged,929,99,90,22,0.2222222222222222
any_deranged,930,99,90,19,0.1919191919191919
any_deranged,931,99,90,27,0.2727272727272727
any_deranged,932,99,90,23,0.23232323232323232
any_deranged,933,99,90,11,0.1111111111111111
any_deranged,934,99,90,15,0.15151515151515152
any_deranged,935,99,90,25,0.25252525252525254
any_deranged,936,99,90,21,0.21212121212121213
any_deranged,937,99,90,22,0.2222222222222222
any_deranged,938,99,90,18,0.18181818181818182
any_deranged,939,99,90,17,0.1717171717171717
any_deranged,940,99,90,26,0.26262626262626265
any_deranged,941,99,90,22,0.2222222222222222
any_deranged,942,99,90,21,0.21212121212121213
any_deranged,943,99,90,24,0.24242424242424243
any_deranged,944,99,90,24,0.24242424242424243
any_deranged,945,99,90,24,0.24242424242424243
any_deranged,946,99,90,24,0.24242424242424243
any_deranged,947,99,90,25,0.25252525252525254
any_deranged,948,99,90,27,0.2727272727272727
any_deranged,949,99,90,21,0.21212121212121213
any_deranged,950,99,90,21,0.21212121212121213
any_deranged,951,99,90,26,0.26262626262626265
any_deranged,952,99,90,26,0.26262626262626265
any_deranged,953,99,90,21,0.21212121212121213
any_deranged,954,99,90,18,0.18181818181818182
any_deranged,955,99,90,18,0.18181818181818182
any_deranged,956,99,90,23,0.23232323232323232
any_deranged,957,99,90,19,0.1919191919191919
any_deranged,958,99,90,22,0.2222222222222222
any_deranged,959,99,90,21,0.21212121212121213
any_deranged,960,99,90,23,0.23232323232323232
any_deranged,961,99,90,28,0.2828282828282828
any_deranged,962,99,90,22,0.2222222222222222
any_deranged,963,99,90,23,0.23232323232323232
any_deranged,964,99,90,21,0.21212121212121213
any_deranged,965,99,90,27,0.2727272727272727
any_deranged,966,99,90,23,0.23232323232323232
any_deranged,967,99,90,19,0.1919191919191919
any_deranged,968,99,90,22,0.2222222222222222
any_deranged,969,99,90,17,0.1717171717171717
any_deranged,970,99,90,20,0.20202020202020202
any_deranged,971,99,90,24,0.24242424242424243
any_deranged,972,99,90,23,0.23232323232323232
any_deranged,973,99,90,21,0.21212121212121213
any_deranged,974,99,90,24,0.24242424242424243
any_deranged,975,99,90,28,0.2828282828282828
any_deranged,976,99,90,18,0.18181818181818182
any_deranged,977,99,90,22,0.2222222222222222
any_deranged,978,99,90,26,0.26262626262626265
any_deranged,979,99,90,25,0.25252525252525254
any_deranged,980,99,90,20,0.20202020202020202
any_deranged,981,99,90,19,0.1919191919191919
any_deranged,982,99,90,24,0.24242424242424243
any_deranged,983,99,90,20,0.20202020202020202
any_deranged,984,99,90,23,0.23232323232323232
any_deranged,985,99,90,16,0.16161616161616163
any_deranged,986,99,90,20,0.20202020202020202
any_deranged,987,99,90,18,0.18181818181818182
any_deranged,988,99,90,27,0.2727272727272727
any_deranged,989,99,90,26,0.26262626262626265
any_deranged,990,99,90,27,0.2727272727272727
any_deranged,991,99,90,28,0.2828282828282828
any_deranged,992,99,90,25,0.25252525252525254
any_deranged,993,99,90,19,0.1919191919191919
any_deranged,994,99,90,22,0.2222222222222222
any_deranged,995,99,90,22,0.2222222222222222
any_deranged,996,99,90,23,0.23232323232323232
any_deranged,997,99,90,26,0.26262626262626265
any_deranged,998,99,90,28,0.2828282828282828
any_deranged,999,99,90,22,0.2222222222222222
cross_category,0,99,94,12,0.12121212121212122
cross_category,1,99,89,10,0.10101010101010101
cross_category,2,99,93,20,0.20202020202020202
cross_category,3,99,87,21,0.21212121212121213
cross_category,4,99,91,7,0.0707070707070707
cross_category,5,99,93,17,0.1717171717171717
cross_category,6,99,88,17,0.1717171717171717
cross_category,7,99,90,15,0.15151515151515152
cross_category,8,99,84,12,0.12121212121212122
cross_category,9,99,89,23,0.23232323232323232
cross_category,10,99,88,15,0.15151515151515152
cross_category,11,99,87,13,0.13131313131313133
cross_category,12,99,88,16,0.16161616161616163
cross_category,13,99,94,16,0.16161616161616163
cross_category,14,99,88,16,0.16161616161616163
cross_category,15,99,87,21,0.21212121212121213
cross_category,16,99,89,16,0.16161616161616163
cross_category,17,99,91,13,0.13131313131313133
cross_category,18,99,93,13,0.13131313131313133
cross_category,19,99,82,7,0.0707070707070707
cross_category,20,99,87,13,0.13131313131313133
cross_category,21,99,92,16,0.16161616161616163
cross_category,22,99,94,19,0.1919191919191919
cross_category,23,99,93,13,0.13131313131313133
cross_category,24,99,90,5,0.050505050505050504
cross_category,25,99,92,17,0.1717171717171717
cross_category,26,99,92,12,0.12121212121212122
cross_category,27,99,87,11,0.1111111111111111
cross_category,28,99,86,19,0.1919191919191919
cross_category,29,99,92,14,0.1414141414141414
cross_category,30,99,92,14,0.1414141414141414
cross_category,31,99,91,20,0.20202020202020202
cross_category,32,99,96,19,0.1919191919191919
cross_category,33,99,86,12,0.12121212121212122
cross_category,34,99,90,15,0.15151515151515152
cross_category,35,99,96,19,0.1919191919191919
cross_category,36,99,84,13,0.13131313131313133
cross_category,37,99,82,14,0.1414141414141414
cross_category,38,99,86,16,0.16161616161616163
cross_category,39,99,91,14,0.1414141414141414
cross_category,40,99,91,14,0.1414141414141414
cross_category,41,99,88,16,0.16161616161616163
cross_category,42,99,92,13,0.13131313131313133
cross_category,43,99,88,17,0.1717171717171717
cross_category,44,99,91,21,0.21212121212121213
cross_category,45,99,93,17,0.1717171717171717
cross_category,46,99,89,14,0.1414141414141414
cross_category,47,99,92,18,0.18181818181818182
cross_category,48,99,91,11,0.1111111111111111
cross_category,49,99,87,16,0.16161616161616163
cross_category,50,99,90,9,0.09090909090909091
cross_category,51,99,90,10,0.10101010101010101
cross_category,52,99,90,16,0.16161616161616163
cross_category,53,99,91,15,0.15151515151515152
cross_category,54,99,91,20,0.20202020202020202
cross_category,55,99,88,16,0.16161616161616163
cross_category,56,99,93,15,0.15151515151515152
cross_category,57,99,87,13,0.13131313131313133
cross_category,58,99,88,11,0.1111111111111111
cross_category,59,99,93,14,0.1414141414141414
cross_category,60,99,91,18,0.18181818181818182
cross_category,61,99,91,19,0.1919191919191919
cross_category,62,99,88,14,0.1414141414141414
cross_category,63,99,83,16,0.16161616161616163
cross_category,64,99,86,11,0.1111111111111111
cross_category,65,99,85,19,0.1919191919191919
cross_category,66,99,95,16,0.16161616161616163
cross_category,67,99,90,14,0.1414141414141414
cross_category,68,99,92,21,0.21212121212121213
cross_category,69,99,90,16,0.16161616161616163
cross_category,70,99,85,15,0.15151515151515152
cross_category,71,99,83,14,0.1414141414141414
cross_category,72,99,90,11,0.1111111111111111
cross_category,73,99,89,17,0.1717171717171717
cross_category,74,99,87,10,0.10101010101010101
cross_category,75,99,91,15,0.15151515151515152
cross_category,76,99,91,13,0.13131313131313133
cross_category,77,99,90,11,0.1111111111111111
cross_category,78,99,91,20,0.20202020202020202
cross_category,79,99,85,13,0.13131313131313133
cross_category,80,99,90,13,0.13131313131313133
cross_category,81,99,88,16,0.16161616161616163
cross_category,82,99,92,10,0.10101010101010101
cross_category,83,99,88,14,0.1414141414141414
cross_category,84,99,83,20,0.20202020202020202
cross_category,85,99,89,15,0.15151515151515152
cross_category,86,99,95,16,0.16161616161616163
cross_category,87,99,87,16,0.16161616161616163
cross_category,88,99,84,14,0.1414141414141414
cross_category,89,99,89,20,0.20202020202020202
cross_category,90,99,92,18,0.18181818181818182
cross_category,91,99,93,12,0.12121212121212122
cross_category,92,99,89,7,0.0707070707070707
cross_category,93,99,90,12,0.12121212121212122
cross_category,94,99,91,18,0.18181818181818182
cross_category,95,99,92,13,0.13131313131313133
cross_category,96,99,91,18,0.18181818181818182
cross_category,97,99,94,9,0.09090909090909091
cross_category,98,99,85,16,0.16161616161616163
cross_category,99,99,88,12,0.12121212121212122
cross_category,100,99,93,29,0.29292929292929293
cross_category,101,99,93,12,0.12121212121212122
cross_category,102,99,86,11,0.1111111111111111
cross_category,103,99,88,16,0.16161616161616163
cross_category,104,99,92,11,0.1111111111111111
cross_category,105,99,92,14,0.1414141414141414
cross_category,106,99,90,16,0.16161616161616163
cross_category,107,99,90,17,0.1717171717171717
cross_category,108,99,91,14,0.1414141414141414
cross_category,109,99,84,17,0.1717171717171717
cross_category,110,99,92,11,0.1111111111111111
cross_category,111,99,90,17,0.1717171717171717
cross_category,112,99,89,19,0.1919191919191919
cross_category,113,99,91,15,0.15151515151515152
cross_category,114,99,89,18,0.18181818181818182
cross_category,115,99,92,15,0.15151515151515152
cross_category,116,99,94,14,0.1414141414141414
cross_category,117,99,91,18,0.18181818181818182
cross_category,118,99,91,18,0.18181818181818182
cross_category,119,99,91,19,0.1919191919191919
cross_category,120,99,85,14,0.1414141414141414
cross_category,121,99,88,18,0.18181818181818182
cross_category,122,99,92,13,0.13131313131313133
cross_category,123,99,91,13,0.13131313131313133
cross_category,124,99,90,8,0.08080808080808081
cross_category,125,99,88,12,0.12121212121212122
cross_category,126,99,82,12,0.12121212121212122
cross_category,127,99,92,11,0.1111111111111111
cross_category,128,99,91,18,0.18181818181818182
cross_category,129,99,93,18,0.18181818181818182
cross_category,130,99,87,16,0.16161616161616163
cross_category,131,99,94,12,0.12121212121212122
cross_category,132,99,82,11,0.1111111111111111
cross_category,133,99,89,15,0.15151515151515152
cross_category,134,99,82,13,0.13131313131313133
cross_category,135,99,91,7,0.0707070707070707
cross_category,136,99,89,11,0.1111111111111111
cross_category,137,99,87,12,0.12121212121212122
cross_category,138,99,91,16,0.16161616161616163
cross_category,139,99,90,21,0.21212121212121213
cross_category,140,99,82,8,0.08080808080808081
cross_category,141,99,91,12,0.12121212121212122
cross_category,142,99,95,16,0.16161616161616163
cross_category,143,99,87,16,0.16161616161616163
cross_category,144,99,88,19,0.1919191919191919
cross_category,145,99,89,13,0.13131313131313133
cross_category,146,99,93,15,0.15151515151515152
cross_category,147,99,90,14,0.1414141414141414
cross_category,148,99,87,11,0.1111111111111111
cross_category,149,99,89,11,0.1111111111111111
cross_category,150,99,90,14,0.1414141414141414
cross_category,151,99,93,13,0.13131313131313133
cross_category,152,99,90,8,0.08080808080808081
cross_category,153,99,89,21,0.21212121212121213
cross_category,154,99,93,10,0.10101010101010101
cross_category,155,99,89,14,0.1414141414141414
cross_category,156,99,87,17,0.1717171717171717
cross_category,157,99,87,13,0.13131313131313133
cross_category,158,99,89,14,0.1414141414141414
cross_category,159,99,88,19,0.1919191919191919
cross_category,160,99,89,11,0.1111111111111111
cross_category,161,99,82,17,0.1717171717171717
cross_category,162,99,93,15,0.15151515151515152
cross_category,163,99,94,10,0.10101010101010101
cross_category,164,99,93,18,0.18181818181818182
cross_category,165,99,92,12,0.12121212121212122
cross_category,166,99,88,16,0.16161616161616163
cross_category,167,99,91,12,0.12121212121212122
cross_category,168,99,89,16,0.16161616161616163
cross_category,169,99,94,17,0.1717171717171717
cross_category,170,99,90,17,0.1717171717171717
cross_category,171,99,92,17,0.1717171717171717
cross_category,172,99,90,20,0.20202020202020202
cross_category,173,99,95,17,0.1717171717171717
cross_category,174,99,87,14,0.1414141414141414
cross_category,175,99,88,15,0.15151515151515152
cross_category,176,99,89,13,0.13131313131313133
cross_category,177,99,91,14,0.1414141414141414
cross_category,178,99,90,18,0.18181818181818182
cross_category,179,99,92,21,0.21212121212121213
cross_category,180,99,95,14,0.1414141414141414
cross_category,181,99,89,8,0.08080808080808081
cross_category,182,99,92,14,0.1414141414141414
cross_category,183,99,89,10,0.10101010101010101
cross_category,184,99,91,12,0.12121212121212122
cross_category,185,99,93,15,0.15151515151515152
cross_category,186,99,91,17,0.1717171717171717
cross_category,187,99,87,13,0.13131313131313133
cross_category,188,99,91,18,0.18181818181818182
cross_category,189,99,85,13,0.13131313131313133
cross_category,190,99,83,15,0.15151515151515152
cross_category,191,99,90,13,0.13131313131313133
cross_category,192,99,88,24,0.24242424242424243
cross_category,193,99,86,14,0.1414141414141414
cross_category,194,99,91,6,0.06060606060606061
cross_category,195,99,91,17,0.1717171717171717
cross_category,196,99,91,10,0.10101010101010101
cross_category,197,99,91,15,0.15151515151515152
cross_category,198,99,91,13,0.13131313131313133
cross_category,199,99,89,20,0.20202020202020202
cross_category,200,99,84,24,0.24242424242424243
cross_category,201,99,88,14,0.1414141414141414
cross_category,202,99,88,14,0.1414141414141414
cross_category,203,99,82,14,0.1414141414141414
cross_category,204,99,94,12,0.12121212121212122
cross_category,205,99,93,20,0.20202020202020202
cross_category,206,99,91,11,0.1111111111111111
cross_category,207,99,85,11,0.1111111111111111
cross_category,208,99,90,19,0.1919191919191919
cross_category,209,99,86,9,0.09090909090909091
cross_category,210,99,88,17,0.1717171717171717
cross_category,211,99,91,16,0.16161616161616163
cross_category,212,99,94,17,0.1717171717171717
cross_category,213,99,88,18,0.18181818181818182
cross_category,214,99,90,11,0.1111111111111111
cross_category,215,99,96,16,0.16161616161616163
cross_category,216,99,86,15,0.15151515151515152
cross_category,217,99,85,17,0.1717171717171717
cross_category,218,99,93,16,0.16161616161616163
cross_category,219,99,87,17,0.1717171717171717
cross_category,220,99,89,23,0.23232323232323232
cross_category,221,99,92,14,0.1414141414141414
cross_category,222,99,93,19,0.1919191919191919
cross_category,223,99,91,13,0.13131313131313133
cross_category,224,99,94,15,0.15151515151515152
cross_category,225,99,86,13,0.13131313131313133
cross_category,226,99,93,8,0.08080808080808081
cross_category,227,99,91,18,0.18181818181818182
cross_category,228,99,90,16,0.16161616161616163
cross_category,229,99,89,18,0.18181818181818182
cross_category,230,99,89,15,0.15151515151515152
cross_category,231,99,89,19,0.1919191919191919
cross_category,232,99,91,18,0.18181818181818182
cross_category,233,99,90,18,0.18181818181818182
cross_category,234,99,88,17,0.1717171717171717
cross_category,235,99,93,14,0.1414141414141414
cross_category,236,99,89,13,0.13131313131313133
cross_category,237,99,87,13,0.13131313131313133
cross_category,238,99,88,15,0.15151515151515152
cross_category,239,99,92,16,0.16161616161616163
cross_category,240,99,89,19,0.1919191919191919
cross_category,241,99,90,14,0.1414141414141414
cross_category,242,99,89,13,0.13131313131313133
cross_category,243,99,92,16,0.16161616161616163
cross_category,244,99,87,16,0.16161616161616163
cross_category,245,99,94,18,0.18181818181818182
cross_category,246,99,90,10,0.10101010101010101
cross_category,247,99,89,13,0.13131313131313133
cross_category,248,99,91,12,0.12121212121212122
cross_category,249,99,88,13,0.13131313131313133
cross_category,250,99,93,14,0.1414141414141414
cross_category,251,99,89,11,0.1111111111111111
cross_category,252,99,79,11,0.1111111111111111
cross_category,253,99,96,19,0.1919191919191919
cross_category,254,99,91,11,0.1111111111111111
cross_category,255,99,92,8,0.08080808080808081
cross_category,256,99,94,12,0.12121212121212122
cross_category,257,99,87,17,0.1717171717171717
cross_category,258,99,94,13,0.13131313131313133
cross_category,259,99,92,18,0.18181818181818182
cross_category,260,99,91,16,0.16161616161616163
cross_category,261,99,93,17,0.1717171717171717
cross_category,262,99,90,16,0.16161616161616163
cross_category,263,99,86,13,0.13131313131313133
cross_category,264,99,93,8,0.08080808080808081
cross_category,265,99,88,10,0.10101010101010101
cross_category,266,99,90,17,0.1717171717171717
cross_category,267,99,92,16,0.16161616161616163
cross_category,268,99,93,13,0.13131313131313133
cross_category,269,99,95,5,0.050505050505050504
cross_category,270,99,84,12,0.12121212121212122
cross_category,271,99,87,13,0.13131313131313133
cross_category,272,99,90,15,0.15151515151515152
cross_category,273,99,95,17,0.1717171717171717
cross_category,274,99,89,19,0.1919191919191919
cross_category,275,99,91,13,0.13131313131313133
cross_category,276,99,91,11,0.1111111111111111
cross_category,277,99,86,14,0.1414141414141414
cross_category,278,99,93,14,0.1414141414141414
cross_category,279,99,90,11,0.1111111111111111
cross_category,280,99,90,15,0.15151515151515152
cross_category,281,99,92,18,0.18181818181818182
cross_category,282,99,85,13,0.13131313131313133
cross_category,283,99,89,13,0.13131313131313133
cross_category,284,99,92,20,0.20202020202020202
cross_category,285,99,91,13,0.13131313131313133
cross_category,286,99,96,9,0.09090909090909091
cross_category,287,99,95,14,0.1414141414141414
cross_category,288,99,95,17,0.1717171717171717
cross_category,289,99,94,17,0.1717171717171717
cross_category,290,99,92,10,0.10101010101010101
cross_category,291,99,89,15,0.15151515151515152
cross_category,292,99,91,14,0.1414141414141414
cross_category,293,99,88,13,0.13131313131313133
cross_category,294,99,86,13,0.13131313131313133
cross_category,295,99,89,15,0.15151515151515152
cross_category,296,99,89,15,0.15151515151515152
cross_category,297,99,88,14,0.1414141414141414
cross_category,298,99,88,16,0.16161616161616163
cross_category,299,99,83,12,0.12121212121212122
cross_category,300,99,91,19,0.1919191919191919
cross_category,301,99,92,19,0.1919191919191919
cross_category,302,99,85,13,0.13131313131313133
cross_category,303,99,94,18,0.18181818181818182
cross_category,304,99,85,19,0.1919191919191919
cross_category,305,99,89,11,0.1111111111111111
cross_category,306,99,87,18,0.18181818181818182
cross_category,307,99,93,18,0.18181818181818182
cross_category,308,99,89,22,0.2222222222222222
cross_category,309,99,90,11,0.1111111111111111
cross_category,310,99,86,17,0.1717171717171717
cross_category,311,99,90,23,0.23232323232323232
cross_category,312,99,92,14,0.1414141414141414
cross_category,313,99,85,19,0.1919191919191919
cross_category,314,99,89,19,0.1919191919191919
cross_category,315,99,90,20,0.20202020202020202
cross_category,316,99,90,16,0.16161616161616163
cross_category,317,99,93,14,0.1414141414141414
cross_category,318,99,91,18,0.18181818181818182
cross_category,319,99,87,13,0.13131313131313133
cross_category,320,99,90,16,0.16161616161616163
cross_category,321,99,90,11,0.1111111111111111
cross_category,322,99,88,8,0.08080808080808081
cross_category,323,99,93,12,0.12121212121212122
cross_category,324,99,92,15,0.15151515151515152
cross_category,325,99,90,17,0.1717171717171717
cross_category,326,99,90,16,0.16161616161616163
cross_category,327,99,92,15,0.15151515151515152
cross_category,328,99,87,14,0.1414141414141414
cross_category,329,99,83,13,0.13131313131313133
cross_category,330,99,86,13,0.13131313131313133
cross_category,331,99,90,15,0.15151515151515152
cross_category,332,99,89,12,0.12121212121212122
cross_category,333,99,92,17,0.1717171717171717
cross_category,334,99,89,21,0.21212121212121213
cross_category,335,99,92,15,0.15151515151515152
cross_category,336,99,85,15,0.15151515151515152
cross_category,337,99,91,12,0.12121212121212122
cross_category,338,99,87,12,0.12121212121212122
cross_category,339,99,91,20,0.20202020202020202
cross_category,340,99,92,19,0.1919191919191919
cross_category,341,99,96,15,0.15151515151515152
cross_category,342,99,88,21,0.21212121212121213
cross_category,343,99,91,16,0.16161616161616163
cross_category,344,99,88,9,0.09090909090909091
cross_category,345,99,89,18,0.18181818181818182
cross_category,346,99,89,14,0.1414141414141414
cross_category,347,99,94,13,0.13131313131313133
cross_category,348,99,87,16,0.16161616161616163
cross_category,349,99,87,12,0.12121212121212122
cross_category,350,99,93,15,0.15151515151515152
cross_category,351,99,87,19,0.1919191919191919
cross_category,352,99,90,16,0.16161616161616163
cross_category,353,99,90,14,0.1414141414141414
cross_category,354,99,89,21,0.21212121212121213
cross_category,355,99,91,21,0.21212121212121213
cross_category,356,99,86,11,0.1111111111111111
cross_category,357,99,85,21,0.21212121212121213
cross_category,358,99,90,15,0.15151515151515152
cross_category,359,99,92,19,0.1919191919191919
cross_category,360,99,91,15,0.15151515151515152
cross_category,361,99,87,14,0.1414141414141414
cross_category,362,99,87,20,0.20202020202020202
cross_category,363,99,89,9,0.09090909090909091
cross_category,364,99,91,12,0.12121212121212122
cross_category,365,99,87,13,0.13131313131313133
cross_category,366,99,93,14,0.1414141414141414
cross_category,367,99,89,14,0.1414141414141414
cross_category,368,99,84,20,0.20202020202020202
cross_category,369,99,88,15,0.15151515151515152
cross_category,370,99,92,13,0.13131313131313133
cross_category,371,99,87,19,0.1919191919191919
cross_category,372,99,94,20,0.20202020202020202
cross_category,373,99,93,11,0.1111111111111111
cross_category,374,99,89,18,0.18181818181818182
cross_category,375,99,91,16,0.16161616161616163
cross_category,376,99,87,16,0.16161616161616163
cross_category,377,99,92,21,0.21212121212121213
cross_category,378,99,94,13,0.13131313131313133
cross_category,379,99,90,17,0.1717171717171717
cross_category,380,99,89,21,0.21212121212121213
cross_category,381,99,89,12,0.12121212121212122
cross_category,382,99,87,16,0.16161616161616163
cross_category,383,99,88,13,0.13131313131313133
cross_category,384,99,93,15,0.15151515151515152
cross_category,385,99,92,17,0.1717171717171717
cross_category,386,99,94,17,0.1717171717171717
cross_category,387,99,84,9,0.09090909090909091
cross_category,388,99,95,23,0.23232323232323232
cross_category,389,99,95,12,0.12121212121212122
cross_category,390,99,91,11,0.1111111111111111
cross_category,391,99,89,12,0.12121212121212122
cross_category,392,99,91,14,0.1414141414141414
cross_category,393,99,97,13,0.13131313131313133
cross_category,394,99,91,20,0.20202020202020202
cross_category,395,99,88,14,0.1414141414141414
cross_category,396,99,94,15,0.15151515151515152
cross_category,397,99,84,9,0.09090909090909091
cross_category,398,99,87,13,0.13131313131313133
cross_category,399,99,92,19,0.1919191919191919
cross_category,400,99,89,17,0.1717171717171717
cross_category,401,99,93,20,0.20202020202020202
cross_category,402,99,88,14,0.1414141414141414
cross_category,403,99,86,13,0.13131313131313133
cross_category,404,99,92,15,0.15151515151515152
cross_category,405,99,90,12,0.12121212121212122
cross_category,406,99,91,15,0.15151515151515152
cross_category,407,99,91,25,0.25252525252525254
cross_category,408,99,94,14,0.1414141414141414
cross_category,409,99,91,25,0.25252525252525254
cross_category,410,99,90,14,0.1414141414141414
cross_category,411,99,87,15,0.15151515151515152
cross_category,412,99,91,16,0.16161616161616163
cross_category,413,99,90,18,0.18181818181818182
cross_category,414,99,83,11,0.1111111111111111
cross_category,415,99,92,12,0.12121212121212122
cross_category,416,99,93,15,0.15151515151515152
cross_category,417,99,92,19,0.1919191919191919
cross_category,418,99,91,22,0.2222222222222222
cross_category,419,99,91,18,0.18181818181818182
cross_category,420,99,90,20,0.20202020202020202
cross_category,421,99,92,15,0.15151515151515152
cross_category,422,99,86,22,0.2222222222222222
cross_category,423,99,90,11,0.1111111111111111
cross_category,424,99,88,16,0.16161616161616163
cross_category,425,99,91,7,0.0707070707070707
cross_category,426,99,90,19,0.1919191919191919
cross_category,427,99,88,14,0.1414141414141414
cross_category,428,99,90,18,0.18181818181818182
cross_category,429,99,90,13,0.13131313131313133
cross_category,430,99,88,17,0.1717171717171717
cross_category,431,99,88,12,0.12121212121212122
cross_category,432,99,86,12,0.12121212121212122
cross_category,433,99,88,11,0.1111111111111111
cross_category,434,99,95,14,0.1414141414141414
cross_category,435,99,85,18,0.18181818181818182
cross_category,436,99,86,19,0.1919191919191919
cross_category,437,99,93,19,0.1919191919191919
cross_category,438,99,90,19,0.1919191919191919
cross_category,439,99,90,18,0.18181818181818182
cross_category,440,99,90,16,0.16161616161616163
cross_category,441,99,86,15,0.15151515151515152
cross_category,442,99,95,15,0.15151515151515152
cross_category,443,99,89,16,0.16161616161616163
cross_category,444,99,89,9,0.09090909090909091
cross_category,445,99,89,15,0.15151515151515152
cross_category,446,99,93,14,0.1414141414141414
cross_category,447,99,91,15,0.15151515151515152
cross_category,448,99,90,15,0.15151515151515152
cross_category,449,99,91,18,0.18181818181818182
cross_category,450,99,93,17,0.1717171717171717
cross_category,451,99,85,14,0.1414141414141414
cross_category,452,99,89,16,0.16161616161616163
cross_category,453,99,91,15,0.15151515151515152
cross_category,454,99,89,15,0.15151515151515152
cross_category,455,99,90,14,0.1414141414141414
cross_category,456,99,95,17,0.1717171717171717
cross_category,457,99,93,17,0.1717171717171717
cross_category,458,99,87,13,0.13131313131313133
cross_category,459,99,96,20,0.20202020202020202
cross_category,460,99,91,17,0.1717171717171717
cross_category,461,99,91,18,0.18181818181818182
cross_category,462,99,91,10,0.10101010101010101
cross_category,463,99,91,15,0.15151515151515152
cross_category,464,99,86,13,0.13131313131313133
cross_category,465,99,88,15,0.15151515151515152
cross_category,466,99,92,16,0.16161616161616163
cross_category,467,99,88,18,0.18181818181818182
cross_category,468,99,89,14,0.1414141414141414
cross_category,469,99,91,14,0.1414141414141414
cross_category,470,99,87,15,0.15151515151515152
cross_category,471,99,91,14,0.1414141414141414
cross_category,472,99,92,15,0.15151515151515152
cross_category,473,99,89,13,0.13131313131313133
cross_category,474,99,88,12,0.12121212121212122
cross_category,475,99,86,15,0.15151515151515152
cross_category,476,99,90,8,0.08080808080808081
cross_category,477,99,82,12,0.12121212121212122
cross_category,478,99,95,12,0.12121212121212122
cross_category,479,99,92,22,0.2222222222222222
cross_category,480,99,90,19,0.1919191919191919
cross_category,481,99,90,15,0.15151515151515152
cross_category,482,99,86,18,0.18181818181818182
cross_category,483,99,87,20,0.20202020202020202
cross_category,484,99,96,16,0.16161616161616163
cross_category,485,99,91,11,0.1111111111111111
cross_category,486,99,93,14,0.1414141414141414
cross_category,487,99,94,17,0.1717171717171717
cross_category,488,99,88,17,0.1717171717171717
cross_category,489,99,91,17,0.1717171717171717
cross_category,490,99,92,16,0.16161616161616163
cross_category,491,99,90,17,0.1717171717171717
cross_category,492,99,88,18,0.18181818181818182
cross_category,493,99,95,15,0.15151515151515152
cross_category,494,99,89,15,0.15151515151515152
cross_category,495,99,89,12,0.12121212121212122
cross_category,496,99,92,15,0.15151515151515152
cross_category,497,99,92,17,0.1717171717171717
cross_category,498,99,90,17,0.1717171717171717
cross_category,499,99,91,15,0.15151515151515152
cross_category,500,99,85,20,0.20202020202020202
cross_category,501,99,88,16,0.16161616161616163
cross_category,502,99,93,11,0.1111111111111111
cross_category,503,99,90,10,0.10101010101010101
cross_category,504,99,89,10,0.10101010101010101
cross_category,505,99,93,22,0.2222222222222222
cross_category,506,99,87,17,0.1717171717171717
cross_category,507,99,88,14,0.1414141414141414
cross_category,508,99,93,16,0.16161616161616163
cross_category,509,99,92,17,0.1717171717171717
cross_category,510,99,84,18,0.18181818181818182
cross_category,511,99,92,16,0.16161616161616163
cross_category,512,99,84,16,0.16161616161616163
cross_category,513,99,91,14,0.1414141414141414
cross_category,514,99,89,16,0.16161616161616163
cross_category,515,99,89,14,0.1414141414141414
cross_category,516,99,89,15,0.15151515151515152
cross_category,517,99,95,15,0.15151515151515152
cross_category,518,99,90,14,0.1414141414141414
cross_category,519,99,84,11,0.1111111111111111
cross_category,520,99,93,20,0.20202020202020202
cross_category,521,99,93,11,0.1111111111111111
cross_category,522,99,87,9,0.09090909090909091
cross_category,523,99,87,15,0.15151515151515152
cross_category,524,99,88,19,0.1919191919191919
cross_category,525,99,93,15,0.15151515151515152
cross_category,526,99,85,13,0.13131313131313133
cross_category,527,99,90,14,0.1414141414141414
cross_category,528,99,91,12,0.12121212121212122
cross_category,529,99,91,17,0.1717171717171717
cross_category,530,99,90,15,0.15151515151515152
cross_category,531,99,91,17,0.1717171717171717
cross_category,532,99,90,17,0.1717171717171717
cross_category,533,99,90,14,0.1414141414141414
cross_category,534,99,93,20,0.20202020202020202
cross_category,535,99,92,21,0.21212121212121213
cross_category,536,99,90,15,0.15151515151515152
cross_category,537,99,90,9,0.09090909090909091
cross_category,538,99,88,16,0.16161616161616163
cross_category,539,99,87,15,0.15151515151515152
cross_category,540,99,87,21,0.21212121212121213
cross_category,541,99,91,14,0.1414141414141414
cross_category,542,99,90,22,0.2222222222222222
cross_category,543,99,89,14,0.1414141414141414
cross_category,544,99,87,11,0.1111111111111111
cross_category,545,99,92,9,0.09090909090909091
cross_category,546,99,89,14,0.1414141414141414
cross_category,547,99,86,18,0.18181818181818182
cross_category,548,99,90,6,0.06060606060606061
cross_category,549,99,91,11,0.1111111111111111
cross_category,550,99,90,7,0.0707070707070707
cross_category,551,99,88,16,0.16161616161616163
cross_category,552,99,92,19,0.1919191919191919
cross_category,553,99,94,14,0.1414141414141414
cross_category,554,99,90,11,0.1111111111111111
cross_category,555,99,88,18,0.18181818181818182
cross_category,556,99,87,14,0.1414141414141414
cross_category,557,99,91,15,0.15151515151515152
cross_category,558,99,88,18,0.18181818181818182
cross_category,559,99,90,14,0.1414141414141414
cross_category,560,99,81,13,0.13131313131313133
cross_category,561,99,91,13,0.13131313131313133
cross_category,562,99,90,13,0.13131313131313133
cross_category,563,99,95,13,0.13131313131313133
cross_category,564,99,91,15,0.15151515151515152
cross_category,565,99,89,17,0.1717171717171717
cross_category,566,99,93,13,0.13131313131313133
cross_category,567,99,93,15,0.15151515151515152
cross_category,568,99,90,12,0.12121212121212122
cross_category,569,99,85,13,0.13131313131313133
cross_category,570,99,90,7,0.0707070707070707
cross_category,571,99,91,10,0.10101010101010101
cross_category,572,99,85,15,0.15151515151515152
cross_category,573,99,92,12,0.12121212121212122
cross_category,574,99,89,16,0.16161616161616163
cross_category,575,99,91,12,0.12121212121212122
cross_category,576,99,92,15,0.15151515151515152
cross_category,577,99,88,17,0.1717171717171717
cross_category,578,99,90,11,0.1111111111111111
cross_category,579,99,85,16,0.16161616161616163
cross_category,580,99,90,13,0.13131313131313133
cross_category,581,99,92,21,0.21212121212121213
cross_category,582,99,82,13,0.13131313131313133
cross_category,583,99,92,13,0.13131313131313133
cross_category,584,99,89,14,0.1414141414141414
cross_category,585,99,90,15,0.15151515151515152
cross_category,586,99,92,18,0.18181818181818182
cross_category,587,99,92,15,0.15151515151515152
cross_category,588,99,90,11,0.1111111111111111
cross_category,589,99,89,10,0.10101010101010101
cross_category,590,99,88,9,0.09090909090909091
cross_category,591,99,90,18,0.18181818181818182
cross_category,592,99,89,12,0.12121212121212122
cross_category,593,99,93,17,0.1717171717171717
cross_category,594,99,93,14,0.1414141414141414
cross_category,595,99,85,10,0.10101010101010101
cross_category,596,99,89,18,0.18181818181818182
cross_category,597,99,94,18,0.18181818181818182
cross_category,598,99,84,16,0.16161616161616163
cross_category,599,99,86,13,0.13131313131313133
cross_category,600,99,90,11,0.1111111111111111
cross_category,601,99,88,13,0.13131313131313133
cross_category,602,99,98,19,0.1919191919191919
cross_category,603,99,88,16,0.16161616161616163
cross_category,604,99,92,18,0.18181818181818182
cross_category,605,99,87,9,0.09090909090909091
cross_category,606,99,87,17,0.1717171717171717
cross_category,607,99,91,16,0.16161616161616163
cross_category,608,99,90,17,0.1717171717171717
cross_category,609,99,88,15,0.15151515151515152
cross_category,610,99,94,14,0.1414141414141414
cross_category,611,99,87,13,0.13131313131313133
cross_category,612,99,90,19,0.1919191919191919
cross_category,613,99,82,10,0.10101010101010101
cross_category,614,99,87,18,0.18181818181818182
cross_category,615,99,94,18,0.18181818181818182
cross_category,616,99,96,14,0.1414141414141414
cross_category,617,99,89,18,0.18181818181818182
cross_category,618,99,91,19,0.1919191919191919
cross_category,619,99,90,12,0.12121212121212122
cross_category,620,99,93,16,0.16161616161616163
cross_category,621,99,94,16,0.16161616161616163
cross_category,622,99,92,14,0.1414141414141414
cross_category,623,99,90,20,0.20202020202020202
cross_category,624,99,86,14,0.1414141414141414
cross_category,625,99,88,15,0.15151515151515152
cross_category,626,99,95,14,0.1414141414141414
cross_category,627,99,85,20,0.20202020202020202
cross_category,628,99,88,13,0.13131313131313133
cross_category,629,99,86,15,0.15151515151515152
cross_category,630,99,91,19,0.1919191919191919
cross_category,631,99,89,14,0.1414141414141414
cross_category,632,99,95,15,0.15151515151515152
cross_category,633,99,91,16,0.16161616161616163
cross_category,634,99,90,15,0.15151515151515152
cross_category,635,99,91,20,0.20202020202020202
cross_category,636,99,93,17,0.1717171717171717
cross_category,637,99,87,19,0.1919191919191919
cross_category,638,99,90,10,0.10101010101010101
cross_category,639,99,93,15,0.15151515151515152
cross_category,640,99,87,19,0.1919191919191919
cross_category,641,99,93,14,0.1414141414141414
cross_category,642,99,89,17,0.1717171717171717
cross_category,643,99,90,19,0.1919191919191919
cross_category,644,99,87,15,0.15151515151515152
cross_category,645,99,92,19,0.1919191919191919
cross_category,646,99,91,13,0.13131313131313133
cross_category,647,99,95,17,0.1717171717171717
cross_category,648,99,91,15,0.15151515151515152
cross_category,649,99,84,14,0.1414141414141414
cross_category,650,99,86,8,0.08080808080808081
cross_category,651,99,87,18,0.18181818181818182
cross_category,652,99,89,19,0.1919191919191919
cross_category,653,99,87,11,0.1111111111111111
cross_category,654,99,87,13,0.13131313131313133
cross_category,655,99,89,15,0.15151515151515152
cross_category,656,99,95,17,0.1717171717171717
cross_category,657,99,90,11,0.1111111111111111
cross_category,658,99,93,9,0.09090909090909091
cross_category,659,99,93,15,0.15151515151515152
cross_category,660,99,96,16,0.16161616161616163
cross_category,661,99,92,15,0.15151515151515152
cross_category,662,99,86,13,0.13131313131313133
cross_category,663,99,94,11,0.1111111111111111
cross_category,664,99,90,20,0.20202020202020202
cross_category,665,99,90,19,0.1919191919191919
cross_category,666,99,92,8,0.08080808080808081
cross_category,667,99,88,9,0.09090909090909091
cross_category,668,99,91,14,0.1414141414141414
cross_category,669,99,90,19,0.1919191919191919
cross_category,670,99,93,21,0.21212121212121213
cross_category,671,99,92,21,0.21212121212121213
cross_category,672,99,87,14,0.1414141414141414
cross_category,673,99,94,12,0.12121212121212122
cross_category,674,99,93,14,0.1414141414141414
cross_category,675,99,91,11,0.1111111111111111
cross_category,676,99,94,19,0.1919191919191919
cross_category,677,99,91,16,0.16161616161616163
cross_category,678,99,87,14,0.1414141414141414
cross_category,679,99,84,10,0.10101010101010101
cross_category,680,99,95,19,0.1919191919191919
cross_category,681,99,91,21,0.21212121212121213
cross_category,682,99,81,17,0.1717171717171717
cross_category,683,99,91,15,0.15151515151515152
cross_category,684,99,89,17,0.1717171717171717
cross_category,685,99,85,21,0.21212121212121213
cross_category,686,99,89,13,0.13131313131313133
cross_category,687,99,97,20,0.20202020202020202
cross_category,688,99,89,11,0.1111111111111111
cross_category,689,99,91,25,0.25252525252525254
cross_category,690,99,88,14,0.1414141414141414
cross_category,691,99,90,20,0.20202020202020202
cross_category,692,99,89,17,0.1717171717171717
cross_category,693,99,94,22,0.2222222222222222
cross_category,694,99,93,10,0.10101010101010101
cross_category,695,99,93,11,0.1111111111111111
cross_category,696,99,89,12,0.12121212121212122
cross_category,697,99,92,11,0.1111111111111111
cross_category,698,99,92,15,0.15151515151515152
cross_category,699,99,89,16,0.16161616161616163
cross_category,700,99,93,16,0.16161616161616163
cross_category,701,99,86,14,0.1414141414141414
cross_category,702,99,91,13,0.13131313131313133
cross_category,703,99,92,17,0.1717171717171717
cross_category,704,99,87,16,0.16161616161616163
cross_category,705,99,88,18,0.18181818181818182
cross_category,706,99,90,17,0.1717171717171717
cross_category,707,99,88,21,0.21212121212121213
cross_category,708,99,92,14,0.1414141414141414
cross_category,709,99,89,15,0.15151515151515152
cross_category,710,99,89,13,0.13131313131313133
cross_category,711,99,89,15,0.15151515151515152
cross_category,712,99,91,15,0.15151515151515152
cross_category,713,99,93,14,0.1414141414141414
cross_category,714,99,92,13,0.13131313131313133
cross_category,715,99,92,17,0.1717171717171717
cross_category,716,99,95,17,0.1717171717171717
cross_category,717,99,85,13,0.13131313131313133
cross_category,718,99,93,12,0.12121212121212122
cross_category,719,99,91,13,0.13131313131313133
cross_category,720,99,91,20,0.20202020202020202
cross_category,721,99,93,13,0.13131313131313133
cross_category,722,99,90,14,0.1414141414141414
cross_category,723,99,89,15,0.15151515151515152
cross_category,724,99,89,17,0.1717171717171717
cross_category,725,99,93,16,0.16161616161616163
cross_category,726,99,87,14,0.1414141414141414
cross_category,727,99,87,20,0.20202020202020202
cross_category,728,99,87,11,0.1111111111111111
cross_category,729,99,94,14,0.1414141414141414
cross_category,730,99,89,13,0.13131313131313133
cross_category,731,99,85,10,0.10101010101010101
cross_category,732,99,90,13,0.13131313131313133
cross_category,733,99,87,14,0.1414141414141414
cross_category,734,99,89,17,0.1717171717171717
cross_category,735,99,84,18,0.18181818181818182
cross_category,736,99,91,13,0.13131313131313133
cross_category,737,99,93,12,0.12121212121212122
cross_category,738,99,90,18,0.18181818181818182
cross_category,739,99,83,10,0.10101010101010101
cross_category,740,99,89,13,0.13131313131313133
cross_category,741,99,90,11,0.1111111111111111
cross_category,742,99,90,23,0.23232323232323232
cross_category,743,99,86,11,0.1111111111111111
cross_category,744,99,87,16,0.16161616161616163
cross_category,745,99,83,16,0.16161616161616163
cross_category,746,99,88,10,0.10101010101010101
cross_category,747,99,87,9,0.09090909090909091
cross_category,748,99,92,19,0.1919191919191919
cross_category,749,99,87,20,0.20202020202020202
cross_category,750,99,91,13,0.13131313131313133
cross_category,751,99,90,10,0.10101010101010101
cross_category,752,99,91,15,0.15151515151515152
cross_category,753,99,91,12,0.12121212121212122
cross_category,754,99,78,13,0.13131313131313133
cross_category,755,99,90,15,0.15151515151515152
cross_category,756,99,88,13,0.13131313131313133
cross_category,757,99,86,20,0.20202020202020202
cross_category,758,99,93,11,0.1111111111111111
cross_category,759,99,87,8,0.08080808080808081
cross_category,760,99,88,12,0.12121212121212122
cross_category,761,99,91,13,0.13131313131313133
cross_category,762,99,94,15,0.15151515151515152
cross_category,763,99,86,8,0.08080808080808081
cross_category,764,99,85,10,0.10101010101010101
cross_category,765,99,92,17,0.1717171717171717
cross_category,766,99,87,13,0.13131313131313133
cross_category,767,99,89,16,0.16161616161616163
cross_category,768,99,85,17,0.1717171717171717
cross_category,769,99,87,12,0.12121212121212122
cross_category,770,99,91,12,0.12121212121212122
cross_category,771,99,89,17,0.1717171717171717
cross_category,772,99,90,14,0.1414141414141414
cross_category,773,99,87,20,0.20202020202020202
cross_category,774,99,91,16,0.16161616161616163
cross_category,775,99,85,20,0.20202020202020202
cross_category,776,99,91,16,0.16161616161616163
cross_category,777,99,92,15,0.15151515151515152
cross_category,778,99,91,12,0.12121212121212122
cross_category,779,99,88,13,0.13131313131313133
cross_category,780,99,90,9,0.09090909090909091
cross_category,781,99,91,14,0.1414141414141414
cross_category,782,99,92,16,0.16161616161616163
cross_category,783,99,94,17,0.1717171717171717
cross_category,784,99,83,14,0.1414141414141414
cross_category,785,99,88,15,0.15151515151515152
cross_category,786,99,93,15,0.15151515151515152
cross_category,787,99,87,9,0.09090909090909091
cross_category,788,99,91,12,0.12121212121212122
cross_category,789,99,97,10,0.10101010101010101
cross_category,790,99,92,25,0.25252525252525254
cross_category,791,99,86,18,0.18181818181818182
cross_category,792,99,93,16,0.16161616161616163
cross_category,793,99,89,12,0.12121212121212122
cross_category,794,99,84,10,0.10101010101010101
cross_category,795,99,87,18,0.18181818181818182
cross_category,796,99,86,7,0.0707070707070707
cross_category,797,99,85,7,0.0707070707070707
cross_category,798,99,89,14,0.1414141414141414
cross_category,799,99,90,21,0.21212121212121213
cross_category,800,99,89,11,0.1111111111111111
cross_category,801,99,88,13,0.13131313131313133
cross_category,802,99,93,14,0.1414141414141414
cross_category,803,99,89,13,0.13131313131313133
cross_category,804,99,91,15,0.15151515151515152
cross_category,805,99,89,16,0.16161616161616163
cross_category,806,99,93,19,0.1919191919191919
cross_category,807,99,88,15,0.15151515151515152
cross_category,808,99,90,15,0.15151515151515152
cross_category,809,99,89,11,0.1111111111111111
cross_category,810,99,89,20,0.20202020202020202
cross_category,811,99,89,20,0.20202020202020202
cross_category,812,99,96,14,0.1414141414141414
cross_category,813,99,88,13,0.13131313131313133
cross_category,814,99,89,11,0.1111111111111111
cross_category,815,99,89,16,0.16161616161616163
cross_category,816,99,87,12,0.12121212121212122
cross_category,817,99,91,15,0.15151515151515152
cross_category,818,99,94,19,0.1919191919191919
cross_category,819,99,92,20,0.20202020202020202
cross_category,820,99,88,16,0.16161616161616163
cross_category,821,99,92,17,0.1717171717171717
cross_category,822,99,85,12,0.12121212121212122
cross_category,823,99,89,10,0.10101010101010101
cross_category,824,99,91,21,0.21212121212121213
cross_category,825,99,90,13,0.13131313131313133
cross_category,826,99,84,13,0.13131313131313133
cross_category,827,99,93,16,0.16161616161616163
cross_category,828,99,89,21,0.21212121212121213
cross_category,829,99,92,13,0.13131313131313133
cross_category,830,99,83,15,0.15151515151515152
cross_category,831,99,89,9,0.09090909090909091
cross_category,832,99,95,18,0.18181818181818182
cross_category,833,99,86,11,0.1111111111111111
cross_category,834,99,87,14,0.1414141414141414
cross_category,835,99,83,13,0.13131313131313133
cross_category,836,99,88,17,0.1717171717171717
cross_category,837,99,90,21,0.21212121212121213
cross_category,838,99,91,19,0.1919191919191919
cross_category,839,99,90,13,0.13131313131313133
cross_category,840,99,88,13,0.13131313131313133
cross_category,841,99,89,12,0.12121212121212122
cross_category,842,99,91,17,0.1717171717171717
cross_category,843,99,89,13,0.13131313131313133
cross_category,844,99,87,15,0.15151515151515152
cross_category,845,99,91,23,0.23232323232323232
cross_category,846,99,94,21,0.21212121212121213
cross_category,847,99,88,17,0.1717171717171717
cross_category,848,99,94,10,0.10101010101010101
cross_category,849,99,93,17,0.1717171717171717
cross_category,850,99,88,15,0.15151515151515152
cross_category,851,99,91,15,0.15151515151515152
cross_category,852,99,91,17,0.1717171717171717
cross_category,853,99,92,14,0.1414141414141414
cross_category,854,99,91,17,0.1717171717171717
cross_category,855,99,86,13,0.13131313131313133
cross_category,856,99,88,15,0.15151515151515152
cross_category,857,99,95,10,0.10101010101010101
cross_category,858,99,93,11,0.1111111111111111
cross_category,859,99,88,18,0.18181818181818182
cross_category,860,99,89,13,0.13131313131313133
cross_category,861,99,88,16,0.16161616161616163
cross_category,862,99,94,15,0.15151515151515152
cross_category,863,99,90,14,0.1414141414141414
cross_category,864,99,86,14,0.1414141414141414
cross_category,865,99,92,18,0.18181818181818182
cross_category,866,99,86,14,0.1414141414141414
cross_category,867,99,91,21,0.21212121212121213
cross_category,868,99,87,14,0.1414141414141414
cross_category,869,99,85,15,0.15151515151515152
cross_category,870,99,94,10,0.10101010101010101
cross_category,871,99,89,11,0.1111111111111111
cross_category,872,99,87,15,0.15151515151515152
cross_category,873,99,91,23,0.23232323232323232
cross_category,874,99,92,12,0.12121212121212122
cross_category,875,99,90,13,0.13131313131313133
cross_category,876,99,94,15,0.15151515151515152
cross_category,877,99,88,6,0.06060606060606061
cross_category,878,99,90,14,0.1414141414141414
cross_category,879,99,91,21,0.21212121212121213
cross_category,880,99,83,13,0.13131313131313133
cross_category,881,99,92,16,0.16161616161616163
cross_category,882,99,94,19,0.1919191919191919
cross_category,883,99,91,15,0.15151515151515152
cross_category,884,99,91,19,0.1919191919191919
cross_category,885,99,90,16,0.16161616161616163
cross_category,886,99,93,18,0.18181818181818182
cross_category,887,99,88,20,0.20202020202020202
cross_category,888,99,83,19,0.1919191919191919
cross_category,889,99,88,11,0.1111111111111111
cross_category,890,99,91,14,0.1414141414141414
cross_category,891,99,90,11,0.1111111111111111
cross_category,892,99,89,14,0.1414141414141414
cross_category,893,99,86,15,0.15151515151515152
cross_category,894,99,88,9,0.09090909090909091
cross_category,895,99,93,16,0.16161616161616163
cross_category,896,99,87,18,0.18181818181818182
cross_category,897,99,91,17,0.1717171717171717
cross_category,898,99,87,16,0.16161616161616163
cross_category,899,99,88,15,0.15151515151515152
cross_category,900,99,89,13,0.13131313131313133
cross_category,901,99,90,23,0.23232323232323232
cross_category,902,99,94,18,0.18181818181818182
cross_category,903,99,85,12,0.12121212121212122
cross_category,904,99,93,13,0.13131313131313133
cross_category,905,99,92,17,0.1717171717171717
cross_category,906,99,89,24,0.24242424242424243
cross_category,907,99,91,15,0.15151515151515152
cross_category,908,99,93,12,0.12121212121212122
cross_category,909,99,87,16,0.16161616161616163
cross_category,910,99,90,13,0.13131313131313133
cross_category,911,99,90,16,0.16161616161616163
cross_category,912,99,93,19,0.1919191919191919
cross_category,913,99,84,17,0.1717171717171717
cross_category,914,99,95,14,0.1414141414141414
cross_category,915,99,89,18,0.18181818181818182
cross_category,916,99,89,17,0.1717171717171717
cross_category,917,99,93,11,0.1111111111111111
cross_category,918,99,91,18,0.18181818181818182
cross_category,919,99,90,14,0.1414141414141414
cross_category,920,99,92,14,0.1414141414141414
cross_category,921,99,88,16,0.16161616161616163
cross_category,922,99,93,15,0.15151515151515152
cross_category,923,99,86,18,0.18181818181818182
cross_category,924,99,94,16,0.16161616161616163
cross_category,925,99,90,19,0.1919191919191919
cross_category,926,99,95,16,0.16161616161616163
cross_category,927,99,94,14,0.1414141414141414
cross_category,928,99,88,17,0.1717171717171717
cross_category,929,99,90,19,0.1919191919191919
cross_category,930,99,89,11,0.1111111111111111
cross_category,931,99,87,12,0.12121212121212122
cross_category,932,99,92,15,0.15151515151515152
cross_category,933,99,90,14,0.1414141414141414
cross_category,934,99,86,20,0.20202020202020202
cross_category,935,99,85,13,0.13131313131313133
cross_category,936,99,89,16,0.16161616161616163
cross_category,937,99,90,16,0.16161616161616163
cross_category,938,99,94,16,0.16161616161616163
cross_category,939,99,89,16,0.16161616161616163
cross_category,940,99,90,12,0.12121212121212122
cross_category,941,99,91,15,0.15151515151515152
cross_category,942,99,90,14,0.1414141414141414
cross_category,943,99,90,16,0.16161616161616163
cross_category,944,99,89,9,0.09090909090909091
cross_category,945,99,91,17,0.1717171717171717
cross_category,946,99,94,10,0.10101010101010101
cross_category,947,99,89,15,0.15151515151515152
cross_category,948,99,85,14,0.1414141414141414
cross_category,949,99,87,18,0.18181818181818182
cross_category,950,99,92,17,0.1717171717171717
cross_category,951,99,88,15,0.15151515151515152
cross_category,952,99,80,13,0.13131313131313133
cross_category,953,99,90,14,0.1414141414141414
cross_category,954,99,88,19,0.1919191919191919
cross_category,955,99,92,15,0.15151515151515152
cross_category,956,99,88,14,0.1414141414141414
cross_category,957,99,89,16,0.16161616161616163
cross_category,958,99,93,14,0.1414141414141414
cross_category,959,99,92,11,0.1111111111111111
cross_category,960,99,85,18,0.18181818181818182
cross_category,961,99,87,16,0.16161616161616163
cross_category,962,99,88,12,0.12121212121212122
cross_category,963,99,85,19,0.1919191919191919
cross_category,964,99,91,15,0.15151515151515152
cross_category,965,99,90,12,0.12121212121212122
cross_category,966,99,90,9,0.09090909090909091
cross_category,967,99,89,14,0.1414141414141414
cross_category,968,99,93,17,0.1717171717171717
cross_category,969,99,89,21,0.21212121212121213
cross_category,970,99,91,14,0.1414141414141414
cross_category,971,99,93,14,0.1414141414141414
cross_category,972,99,85,10,0.10101010101010101
cross_category,973,99,92,15,0.15151515151515152
cross_category,974,99,92,13,0.13131313131313133
cross_category,975,99,86,11,0.1111111111111111
cross_category,976,99,91,16,0.16161616161616163
cross_category,977,99,91,20,0.20202020202020202
cross_category,978,99,92,13,0.13131313131313133
cross_category,979,99,89,11,0.1111111111111111
cross_category,980,99,91,11,0.1111111111111111
cross_category,981,99,88,21,0.21212121212121213
cross_category,982,99,85,8,0.08080808080808081
cross_category,983,99,91,16,0.16161616161616163
cross_category,984,99,89,19,0.1919191919191919
cross_category,985,99,86,13,0.13131313131313133
cross_category,986,99,94,12,0.12121212121212122
cross_category,987,99,91,12,0.12121212121212122
cross_category,988,99,91,12,0.12121212121212122
cross_category,989,99,89,15,0.15151515151515152
cross_category,990,99,93,12,0.12121212121212122
cross_category,991,99,92,13,0.13131313131313133
cross_category,992,99,86,10,0.10101010101010101
cross_category,993,99,93,22,0.2222222222222222
cross_category,994,99,93,14,0.1414141414141414
cross_category,995,99,85,12,0.12121212121212122
cross_category,996,99,85,13,0.13131313131313133
cross_category,997,99,91,16,0.16161616161616163
cross_category,998,99,86,17,0.1717171717171717
cross_category,999,99,87,14,0.1414141414141414
